snapshot id,description,started,size,volume,volume exists,instance,instance exists,ami,ami exists
snap-ae1df54b,Created by CreateImage(i-8ec2cfc0) for ami-3249be45 from vol-20ac9d0c,2014-01-31 10:03:12+00:00,7,vol-20ac9d0c,FALSE,i-8ec2cfc0,FALSE,ami-3249be45,TRUE
snap-8c628a69,Created by CreateImage(i-8fe2b7c1) for ami-6c48bf1b from vol-b2c8f99e,2014-01-31 10:37:43+00:00,6,vol-b2c8f99e,FALSE,i-8fe2b7c1,FALSE,ami-6c48bf1b,TRUE
snap-e422e001,Created by CreateImage(i-86096bca) for ami-8c23d5fb from vol-58bb415a,2014-02-04 12:09:26+00:00,7,vol-58bb415a,FALSE,i-86096bca,FALSE,ami-8c23d5fb,TRUE
snap-cf955d2a,Created by CreateImage(i-5f7ccc13) for ami-d00ef8a7 from vol-3158a333,2014-02-05 06:53:51+00:00,6,vol-3158a333,FALSE,i-5f7ccc13,FALSE,ami-d00ef8a7,TRUE
snap-088e1aec,Created by CreateImage(i-fae30db8) for ami-956896e2 from vol-98f6299a,2014-03-26 12:55:55+00:00,30,vol-98f6299a,FALSE,i-fae30db8,FALSE,ami-956896e2,TRUE
snap-f2150116,Created by CreateImage(i-99a25ddb) for ami-5dfb012a from vol-d8a302da,2014-04-14 09:45:13+00:00,30,vol-d8a302da,FALSE,i-99a25ddb,FALSE,ami-5dfb012a,TRUE
snap-79a1b59d,Created by CreateImage(i-ea847ba8) for ami-43f20834 from vol-3fb3123d,2014-04-14 13:25:20+00:00,7,vol-3fb3123d,FALSE,i-ea847ba8,FALSE,ami-43f20834,TRUE
snap-94637470,Created by CreateImage(i-f0e916b2) for ami-1bf10b6c from vol-7d80217f,2014-04-14 14:50:57+00:00,6,vol-7d80217f,FALSE,i-f0e916b2,FALSE,ami-1bf10b6c,TRUE
snap-cb883b2c,Created by CreateImage(i-361d3a7a) for ami-21549056 from vol-62c03836,2014-04-28 05:20:16+00:00,7,vol-62c03836,FALSE,i-361d3a7a,FALSE,ami-21549056,TRUE
snap-d45b9f32,Created by CreateImage(i-9d9232df) for ami-8d0ac8fa from vol-7101bb73,2014-05-24 06:28:47+00:00,120,vol-7101bb73,FALSE,i-9d9232df,FALSE,ami-8d0ac8fa,TRUE
snap-d35b9f35,Created by CreateImage(i-9d9232df) for ami-8d0ac8fa from vol-2201bb20,2014-05-24 06:28:47+00:00,65,vol-2201bb20,FALSE,i-9d9232df,FALSE,ami-8d0ac8fa,TRUE
snap-6a2d8a8c,Created by CreateImage(i-14b11e56) for ami-2dea275a from vol-a10b8ca3,2014-05-28 09:51:07+00:00,7,vol-a10b8ca3,FALSE,i-14b11e56,FALSE,ami-2dea275a,TRUE
snap-132d8af5,Created by CreateImage(i-efb41bad) for ami-17ea2760 from vol-350b8c37,2014-05-28 09:52:00+00:00,6,vol-350b8c37,FALSE,i-efb41bad,FALSE,ami-17ea2760,TRUE
snap-abfd6152,Created by CreateImage(i-edce4eaf) for ami-83e035f4 from vol-d3bf2ad1,2014-07-04 08:52:06+00:00,65,vol-d3bf2ad1,FALSE,i-edce4eaf,FALSE,ami-83e035f4,TRUE
snap-acfd6155,Created by CreateImage(i-edce4eaf) for ami-83e035f4 from vol-1cbe2b1e,2014-07-04 08:52:06+00:00,500,vol-1cbe2b1e,FALSE,i-edce4eaf,FALSE,ami-83e035f4,TRUE
snap-b340044b,Created by CreateImage(i-d60cd594) for ami-3a5a884d from vol-7a378b78,2014-08-06 11:12:11+00:00,120,vol-7a378b78,FALSE,i-d60cd594,FALSE,ami-3a5a884d,TRUE
snap-b640044e,Created by CreateImage(i-d60cd594) for ami-3a5a884d from vol-74378b76,2014-08-06 11:12:11+00:00,65,vol-74378b76,FALSE,i-d60cd594,FALSE,ami-3a5a884d,TRUE
snap-a9400451,Created by CreateImage(i-d60cd594) for ami-3a5a884d from vol-75378b77,2014-08-06 11:12:11+00:00,65,vol-75378b77,FALSE,i-d60cd594,FALSE,ami-3a5a884d,TRUE
snap-b1c8ea49,Created by CreateImage(i-8b7910c9) for ami-da27faad from vol-71fc8b73,2014-08-10 18:42:30+00:00,8,vol-71fc8b73,FALSE,i-8b7910c9,FALSE,ami-da27faad,TRUE
snap-b4c8ea4c,Created by CreateImage(i-8b7910c9) for ami-da27faad from vol-21ef9823,2014-08-10 18:42:30+00:00,100,vol-21ef9823,FALSE,i-8b7910c9,FALSE,ami-da27faad,TRUE
snap-ba64b040,Created by CreateImage(i-d0217a92) for ami-ecbd1a9b from vol-2b3e6629,2014-09-18 15:30:59+00:00,30,vol-2b3e6629,FALSE,i-d0217a92,FALSE,ami-ecbd1a9b,TRUE
snap-ec6e1216,Created by CreateImage(i-91d4fdd3) for ami-00dd7d77 from vol-f0765bf2,2014-09-29 17:11:18+00:00,8,vol-f0765bf2,FALSE,i-91d4fdd3,FALSE,ami-00dd7d77,TRUE
snap-54fe28a9,Created by CreateImage(i-9be2c8d9) for ami-4643ef31 from vol-0aa28e08,2014-10-15 13:34:43+00:00,100,vol-0aa28e08,FALSE,i-9be2c8d9,FALSE,ami-4643ef31,TRUE
snap-a0dbab5c,Created by CreateImage(i-f79d91b5) for ami-623b8f15 from vol-b256cfae,2014-11-12 11:20:09+00:00,100,vol-b256cfae,FALSE,i-f79d91b5,FALSE,ami-623b8f15,TRUE
snap-459e7fba,Created by CreateImage(i-8b7c8dc9) for ami-70d66707 from vol-e03e9be2,2014-11-20 10:38:47+00:00,30,vol-e03e9be2,FALSE,i-8b7c8dc9,FALSE,ami-70d66707,TRUE
snap-39b92bc6,Created by CreateImage(i-5b78e81b) for ami-3c7ac94b from vol-7ae2817d,2014-11-28 09:54:09+00:00,8,vol-7ae2817d,FALSE,i-5b78e81b,FALSE,ami-3c7ac94b,TRUE
snap-14d129e5,Created by CreateImage(i-0c9b974e) for ami-3abf3b4d from vol-fb4bd2e7,2015-01-04 22:59:21+00:00,100,vol-fb4bd2e7,FALSE,i-0c9b974e,FALSE,ami-3abf3b4d,TRUE
snap-de58382f,Created by CreateImage(i-0c9b974e) for ami-612eaf16 from vol-fb4bd2e7,2015-01-15 14:32:54+00:00,100,vol-fb4bd2e7,FALSE,i-0c9b974e,FALSE,ami-612eaf16,TRUE
snap-95aceec1,Created by CreateImage(i-54762eb2) for ami-476f4930 from vol-883fc197,2015-09-04 10:41:31+00:00,500,vol-883fc197,FALSE,i-54762eb2,FALSE,ami-476f4930,TRUE
snap-2f9bb006,Created by CreateImage(i-54762eb2) for ami-476f4930 from vol-a43fc1bb,2015-09-04 10:41:31+00:00,50,vol-a43fc1bb,FALSE,i-54762eb2,FALSE,ami-476f4930,TRUE
snap-d268c0ff,Created by CreateImage(i-54762eb2) for ami-476f4930 from vol-c33fc1dc,2015-09-04 10:41:31+00:00,40,vol-c33fc1dc,FALSE,i-54762eb2,FALSE,ami-476f4930,TRUE
snap-1f72a74b,Created by CreateImage(i-3d97cfdb) for ami-356f4942 from vol-5c24da43,2015-09-04 10:43:11+00:00,120,vol-5c24da43,FALSE,i-3d97cfdb,FALSE,ami-356f4942,TRUE
snap-32115e66,Created by CreateImage(i-3d97cfdb) for ami-356f4942 from vol-bf24daa0,2015-09-04 10:43:11+00:00,65,vol-bf24daa0,FALSE,i-3d97cfdb,FALSE,ami-356f4942,TRUE
snap-31764b18,Created by CreateImage(i-4b762ead) for ami-4f6f4938 from vol-1b3cc204,2015-09-04 10:43:34+00:00,40,vol-1b3cc204,FALSE,i-4b762ead,FALSE,ami-4f6f4938,TRUE
snap-a75f1f8d,Created by CreateImage(i-4b762ead) for ami-4f6f4938 from vol-1c3cc203,2015-09-04 10:43:34+00:00,50,vol-1c3cc203,FALSE,i-4b762ead,FALSE,ami-4f6f4938,TRUE
snap-a88db982,Created by CreateImage(i-4b762ead) for ami-4f6f4938 from vol-9c3fc183,2015-09-04 10:43:34+00:00,500,vol-9c3fc183,FALSE,i-4b762ead,FALSE,ami-4f6f4938,TRUE
snap-23ab4f0d,Created by CreateImage(i-2e1b3aca) for ami-3b6f494c from vol-7e1a8069,2015-09-04 10:43:45+00:00,120,vol-7e1a8069,FALSE,i-2e1b3aca,FALSE,ami-3b6f494c,TRUE
snap-3d91ff1c,Created by CreateImage(i-2e1b3aca) for ami-3b6f494c from vol-531a8044,2015-09-04 10:43:45+00:00,65,vol-531a8044,FALSE,i-2e1b3aca,FALSE,ami-3b6f494c,TRUE
snap-8dec06a0,Created by CreateImage(i-3f85ddd9) for ami-216f4956 from vol-a61ae4b9,2015-09-04 10:44:12+00:00,65,vol-a61ae4b9,FALSE,i-3f85ddd9,FALSE,ami-216f4956,TRUE
snap-d74d14f7,Created by CreateImage(i-3f85ddd9) for ami-216f4956 from vol-691ae476,2015-09-04 10:44:12+00:00,120,vol-691ae476,FALSE,i-3f85ddd9,FALSE,ami-216f4956,TRUE
snap-e368aac2,Created by CreateImage(i-98e4c57c) for ami-296f495e from vol-d5118bc2,2015-09-04 10:44:48+00:00,120,vol-d5118bc2,FALSE,i-98e4c57c,FALSE,ami-296f495e,TRUE
snap-69adf249,Created by CreateImage(i-98e4c57c) for ami-296f495e from vol-d6118bc1,2015-09-04 10:44:48+00:00,65,vol-d6118bc1,FALSE,i-98e4c57c,FALSE,ami-296f495e,TRUE
snap-2471b20f,Created by CreateImage(i-86b1dd60) for ami-196f496e from vol-438f9c5f,2015-09-04 10:45:28+00:00,120,vol-438f9c5f,FALSE,i-86b1dd60,FALSE,ami-196f496e,TRUE
snap-ea5fe9c0,Created by CreateImage(i-86b1dd60) for ami-196f496e from vol-1e8f9c02,2015-09-04 10:45:28+00:00,65,vol-1e8f9c02,FALSE,i-86b1dd60,FALSE,ami-196f496e,TRUE
snap-d1960cf9,Created by CreateImage(i-b8c1ae5c) for ami-f36f4984 from vol-2b5cee3c,2015-09-04 10:46:54+00:00,65,vol-2b5cee3c,FALSE,i-b8c1ae5c,FALSE,ami-f36f4984,TRUE
snap-13f93a33,Created by CreateImage(i-b8c1ae5c) for ami-f36f4984 from vol-3c5cee2b,2015-09-04 10:46:54+00:00,120,vol-3c5cee2b,FALSE,i-b8c1ae5c,FALSE,ami-f36f4984,TRUE
snap-886b0fa1,Created by CreateImage(i-25c1aec1) for ami-d76f49a0 from vol-7c5cee6b,2015-09-04 10:48:25+00:00,120,vol-7c5cee6b,FALSE,i-25c1aec1,FALSE,ami-d76f49a0,TRUE
snap-157b5d3f,Created by CreateImage(i-25c1aec1) for ami-d76f49a0 from vol-7d5cee6a,2015-09-04 10:48:25+00:00,65,vol-7d5cee6a,FALSE,i-25c1aec1,FALSE,ami-d76f49a0,TRUE
snap-8f38e7a5,Created by CreateImage(i-0188e4e7) for ami-d36f49a4 from vol-0fb1a213,2015-09-04 10:49:31+00:00,120,vol-0fb1a213,FALSE,i-0188e4e7,FALSE,ami-d36f49a4,TRUE
snap-68ec6648,Created by CreateImage(i-0188e4e7) for ami-d36f49a4 from vol-37b1a22b,2015-09-04 10:49:31+00:00,65,vol-37b1a22b,FALSE,i-0188e4e7,FALSE,ami-d36f49a4,TRUE
snap-6dcd803b,Created by CreateImage(i-c080d826) for ami-a36f49d4 from vol-a51ee0ba,2015-09-04 10:52:11+00:00,120,vol-a51ee0ba,FALSE,i-c080d826,FALSE,ami-a36f49d4,TRUE
snap-817ef0aa,Created by CreateImage(i-c080d826) for ami-a36f49d4 from vol-7e1ee061,2015-09-04 10:52:11+00:00,65,vol-7e1ee061,FALSE,i-c080d826,FALSE,ami-a36f49d4,TRUE
snap-08cb7920,Created by CreateImage(i-cfe5c42b) for ami-8f6f49f8 from vol-c61c86d1,2015-09-04 10:53:48+00:00,65,vol-c61c86d1,FALSE,i-cfe5c42b,FALSE,ami-8f6f49f8,TRUE
snap-5b1e9770,Created by CreateImage(i-cfe5c42b) for ami-8f6f49f8 from vol-c51c86d2,2015-09-04 10:53:48+00:00,120,vol-c51c86d2,FALSE,i-cfe5c42b,FALSE,ami-8f6f49f8,TRUE
snap-b546359c,Created by CreateImage(i-d0d8b734) for ami-896f49fe from vol-0e47f519,2015-09-04 10:55:30+00:00,65,vol-0e47f519,FALSE,i-d0d8b734,FALSE,ami-896f49fe,TRUE
snap-da5a02fb,Created by CreateImage(i-d0d8b734) for ami-896f49fe from vol-2e47f539,2015-09-04 10:55:30+00:00,120,vol-2e47f539,FALSE,i-d0d8b734,FALSE,ami-896f49fe,TRUE
snap-684b0d3c,Created by CreateImage(i-3eb1ddd8) for ami-736c4a04 from vol-328f9c2e,2015-09-04 10:55:48+00:00,120,vol-328f9c2e,FALSE,i-3eb1ddd8,FALSE,ami-736c4a04,TRUE
snap-2477f405,Created by CreateImage(i-3eb1ddd8) for ami-736c4a04 from vol-868f9c9a,2015-09-04 10:55:48+00:00,65,vol-868f9c9a,FALSE,i-3eb1ddd8,FALSE,ami-736c4a04,TRUE
snap-802231d4,Created by CreateImage(i-26c1aec2) for ami-7b6c4a0c from vol-ee5ceef9,2015-09-04 10:56:09+00:00,65,vol-ee5ceef9,FALSE,i-26c1aec2,FALSE,ami-7b6c4a0c,TRUE
snap-0843705e,Created by CreateImage(i-26c1aec2) for ami-7b6c4a0c from vol-a95ceebe,2015-09-04 10:56:09+00:00,120,vol-a95ceebe,FALSE,i-26c1aec2,FALSE,ami-7b6c4a0c,TRUE
snap-d521d881,Created by CreateImage(i-75809ecc) for ami-51785226 from vol-16f644d9,2015-09-29 10:53:39+00:00,120,vol-16f644d9,FALSE,i-75809ecc,FALSE,ami-51785226,TRUE
snap-59a06a73,Created by CreateImage(i-75809ecc) for ami-51785226 from vol-ebf64424,2015-09-29 10:53:39+00:00,65,vol-ebf64424,FALSE,i-75809ecc,FALSE,ami-51785226,TRUE
snap-1ba40336,Created by CreateImage(i-0c4ceaa0) for ami-47785230 from vol-03e74fc0,2015-09-29 10:54:10+00:00,120,vol-03e74fc0,FALSE,i-0c4ceaa0,FALSE,ami-47785230,TRUE
snap-46c87066,Created by CreateImage(i-0c4ceaa0) for ami-47785230 from vol-26e74fe5,2015-09-29 10:54:10+00:00,65,vol-26e74fe5,FALSE,i-0c4ceaa0,FALSE,ami-47785230,TRUE
snap-838cbcd7,Created by CreateImage(i-b386980a) for ami-2f785258 from vol-3e0cbff1,2015-09-29 10:57:43+00:00,65,vol-3e0cbff1,FALSE,i-b386980a,FALSE,ami-2f785258,TRUE
snap-6503d84e,Created by CreateImage(i-b386980a) for ami-2f785258 from vol-1b0cbfd4,2015-09-29 10:57:43+00:00,120,vol-1b0cbfd4,FALSE,i-b386980a,FALSE,ami-2f785258,TRUE
snap-f7bacca3,Created by CreateImage(i-c845e364) for ami-2b78525c from vol-1ce24adf,2015-09-29 10:57:52+00:00,120,vol-1ce24adf,FALSE,i-c845e364,FALSE,ami-2b78525c,TRUE
snap-ba4b699b,Created by CreateImage(i-c845e364) for ami-2b78525c from vol-75e24ab6,2015-09-29 10:57:52+00:00,65,vol-75e24ab6,FALSE,i-c845e364,FALSE,ami-2b78525c,TRUE
snap-92d3c4c4,Created by CreateImage(i-44fae4fd) for ami-2978525e from vol-282192e7,2015-09-29 10:58:20+00:00,500,vol-282192e7,FALSE,i-44fae4fd,FALSE,ami-2978525e,TRUE
snap-5e7e2d76,Created by CreateImage(i-44fae4fd) for ami-2978525e from vol-99209356,2015-09-29 10:58:20+00:00,50,vol-99209356,FALSE,i-44fae4fd,FALSE,ami-2978525e,TRUE
snap-456c6d6f,Created by CreateImage(i-44fae4fd) for ami-2978525e from vol-dc209313,2015-09-29 10:58:20+00:00,40,vol-dc209313,FALSE,i-44fae4fd,FALSE,ami-2978525e,TRUE
snap-a3da3af4,Created by CreateImage(i-96acb22f) for ami-1f785268 from vol-ade45662,2015-09-29 10:58:34+00:00,120,vol-ade45662,FALSE,i-96acb22f,FALSE,ami-1f785268,TRUE
snap-563d287d,Created by CreateImage(i-96acb22f) for ami-1f785268 from vol-b3e4567c,2015-09-29 10:58:35+00:00,65,vol-b3e4567c,FALSE,i-96acb22f,FALSE,ami-1f785268,TRUE
snap-10b5813d,Created by CreateImage(i-76fbe5cf) for ami-15785262 from vol-292192e6,2015-09-29 10:58:43+00:00,40,vol-292192e6,FALSE,i-76fbe5cf,FALSE,ami-15785262,TRUE
snap-29a1d108,Created by CreateImage(i-76fbe5cf) for ami-15785262 from vol-fd209332,2015-09-29 10:58:43+00:00,50,vol-fd209332,FALSE,i-76fbe5cf,FALSE,ami-15785262,TRUE
snap-1c34043c,Created by CreateImage(i-76fbe5cf) for ami-15785262 from vol-0c2192c3,2015-09-29 10:58:43+00:00,500,vol-0c2192c3,FALSE,i-76fbe5cf,FALSE,ami-15785262,TRUE
snap-3e678711,Created by CreateImage(i-7259ffde) for ami-1d78526a from vol-10cd65d3,2015-09-29 10:59:13+00:00,65,vol-10cd65d3,FALSE,i-7259ffde,FALSE,ami-1d78526a,TRUE
snap-31ffbf1e,Created by CreateImage(i-7259ffde) for ami-1d78526a from vol-34cd65f7,2015-09-29 10:59:13+00:00,120,vol-34cd65f7,FALSE,i-7259ffde,FALSE,ami-1d78526a,TRUE
snap-6da75539,Created by CreateImage(i-94938b2d) for ami-07785270 from vol-ee57ea21,2015-09-29 10:59:33+00:00,120,vol-ee57ea21,FALSE,i-94938b2d,FALSE,ami-07785270,TRUE
snap-bd6538e9,Created by CreateImage(i-94938b2d) for ami-07785270 from vol-f557ea3a,2015-09-29 10:59:33+00:00,65,vol-f557ea3a,FALSE,i-94938b2d,FALSE,ami-07785270,TRUE
snap-cf2f84e6,Created by CreateImage(i-6f8e2ec3) for ami-03785274 from vol-0471dac7,2015-09-29 10:59:50+00:00,120,vol-0471dac7,FALSE,i-6f8e2ec3,FALSE,ami-03785274,TRUE
snap-aeeac883,Created by CreateImage(i-6f8e2ec3) for ami-03785274 from vol-d570db16,2015-09-29 10:59:50+00:00,65,vol-d570db16,FALSE,i-6f8e2ec3,FALSE,ami-03785274,TRUE
snap-936f94b2,Created by CreateImage(i-317fd99d) for ami-f7785280 from vol-c8eb430b,2015-09-29 11:00:05+00:00,120,vol-c8eb430b,FALSE,i-317fd99d,FALSE,ami-f7785280,TRUE
snap-df1289fe,Created by CreateImage(i-317fd99d) for ami-f7785280 from vol-c9eb430a,2015-09-29 11:00:05+00:00,65,vol-c9eb430a,FALSE,i-317fd99d,FALSE,ami-f7785280,TRUE
snap-77f72a23,Created by CreateImage(i-4ab0aef3) for ami-f978528e from vol-86e15349,2015-09-29 11:00:32+00:00,65,vol-86e15349,FALSE,i-4ab0aef3,FALSE,ami-f978528e,TRUE
snap-9e1ac4b6,Created by CreateImage(i-4ab0aef3) for ami-f978528e from vol-60e153af,2015-09-29 11:00:32+00:00,120,vol-60e153af,FALSE,i-4ab0aef3,FALSE,ami-f978528e,TRUE
snap-709f445c,Created by CreateImage(i-6070d6cc) for ami-fd78528a from vol-6916bfaa,2015-09-29 11:00:36+00:00,65,vol-6916bfaa,FALSE,i-6070d6cc,FALSE,ami-fd78528a,TRUE
snap-e04781c0,Created by CreateImage(i-6070d6cc) for ami-fd78528a from vol-7616bfb5,2015-09-29 11:00:36+00:00,120,vol-7616bfb5,FALSE,i-6070d6cc,FALSE,ami-fd78528a,TRUE
snap-15252a41,Created by CreateImage(i-c35dfb6f) for ami-ef785298 from vol-54c96197,2015-09-29 11:00:40+00:00,120,vol-54c96197,FALSE,i-c35dfb6f,FALSE,ami-ef785298,TRUE
snap-9b85d6b4,Created by CreateImage(i-c35dfb6f) for ami-ef785298 from vol-a2c96161,2015-09-29 11:00:41+00:00,65,vol-a2c96161,FALSE,i-c35dfb6f,FALSE,ami-ef785298,TRUE
snap-2c424f04,Created by CreateImage(i-4f9688f6) for ami-f1785286 from vol-7700b3b8,2015-09-29 11:00:46+00:00,120,vol-7700b3b8,FALSE,i-4f9688f6,FALSE,ami-f1785286,TRUE
snap-aed8428f,Created by CreateImage(i-4f9688f6) for ami-f1785286 from vol-df07b410,2015-09-29 11:00:46+00:00,65,vol-df07b410,FALSE,i-4f9688f6,FALSE,ami-f1785286,TRUE
snap-34b2fb60,Created by CreateImage(i-238e368e) for ami-43d20930 from vol-0eb656c1,2015-11-13 09:55:08+00:00,10,vol-0eb656c1,FALSE,i-238e368e,FALSE,ami-43d20930,TRUE
snap-62406a49,Created by CreateImage(i-238e368e) for ami-43d20930 from vol-04b656cb,2015-11-13 09:55:08+00:00,8,vol-04b656cb,FALSE,i-238e368e,FALSE,ami-43d20930,TRUE
snap-d1f466fe,Created by CreateImage(i-238e368e) for ami-43d20930 from vol-0fb656c0,2015-11-13 09:55:08+00:00,120,vol-0fb656c0,FALSE,i-238e368e,FALSE,ami-43d20930,TRUE
snap-4332a815,Created by CreateImage(i-2246c69a) for ami-9279a3e1 from vol-91743f5e,2015-11-19 11:27:19+00:00,10,vol-91743f5e,FALSE,i-2246c69a,FALSE,ami-9279a3e1,TRUE
snap-303efa1b,Created by CreateImage(i-2246c69a) for ami-9279a3e1 from vol-05753eca,2015-11-19 11:27:19+00:00,120,vol-05753eca,FALSE,i-2246c69a,FALSE,ami-9279a3e1,TRUE
snap-1bf01936,Created by CreateImage(i-2246c69a) for ami-9279a3e1 from vol-06753ec9,2015-11-19 11:27:19+00:00,8,vol-06753ec9,FALSE,i-2246c69a,FALSE,ami-9279a3e1,TRUE
snap-315ac818,Created by CreateImage(i-01b261b9) for ami-d17ca6a2 from vol-d2c9ab1d,2015-11-19 11:45:51+00:00,120,vol-d2c9ab1d,FALSE,i-01b261b9,FALSE,ami-d17ca6a2,TRUE
snap-35e3f21c,Created by CreateImage(i-01b261b9) for ami-d17ca6a2 from vol-aec9ab61,2015-11-19 11:45:51+00:00,10,vol-aec9ab61,FALSE,i-01b261b9,FALSE,ami-d17ca6a2,TRUE
snap-2acd0200,Created by CreateImage(i-01b261b9) for ami-d17ca6a2 from vol-e8c9ab27,2015-11-19 11:45:51+00:00,8,vol-e8c9ab27,FALSE,i-01b261b9,FALSE,ami-d17ca6a2,TRUE
snap-163cc542,Created by CreateImage(i-01b261b9) for ami-e77da794 from vol-d2c9ab1d,2015-11-19 12:47:26+00:00,120,vol-d2c9ab1d,FALSE,i-01b261b9,FALSE,ami-e77da794,TRUE
snap-72c7235b,Created by CreateImage(i-01b261b9) for ami-e77da794 from vol-aec9ab61,2015-11-19 12:47:27+00:00,10,vol-aec9ab61,FALSE,i-01b261b9,FALSE,ami-e77da794,TRUE
snap-b071179f,Created by CreateImage(i-01b261b9) for ami-e77da794 from vol-e8c9ab27,2015-11-19 12:47:27+00:00,8,vol-e8c9ab27,FALSE,i-01b261b9,FALSE,ami-e77da794,TRUE
snap-2350e00b,Created by CreateImage(i-5b71c2f6) for ami-3f0faa4c from vol-cfcfb5d0,2015-11-23 13:41:38+00:00,120,vol-cfcfb5d0,FALSE,i-5b71c2f6,FALSE,ami-3f0faa4c,TRUE
snap-ff6dded2,Created by CreateImage(i-5b71c2f6) for ami-3f0faa4c from vol-53ccb64c,2015-11-23 13:41:38+00:00,8,vol-53ccb64c,FALSE,i-5b71c2f6,FALSE,ami-3f0faa4c,TRUE
snap-b274589e,Created by CreateImage(i-5b71c2f6) for ami-3f0faa4c from vol-6eccb671,2015-11-23 13:41:38+00:00,10,vol-6eccb671,FALSE,i-5b71c2f6,FALSE,ami-3f0faa4c,TRUE
snap-42bb8c69,Created by CreateImage(i-8865de05) for ami-cd1dbabe from vol-849da34b,2015-12-01 13:33:49+00:00,120,vol-849da34b,FALSE,i-8865de05,FALSE,ami-cd1dbabe,TRUE
snap-55692f7f,Created by CreateImage(i-8865de05) for ami-cd1dbabe from vol-bb9da374,2015-12-01 13:33:49+00:00,60,vol-bb9da374,FALSE,i-8865de05,FALSE,ami-cd1dbabe,TRUE
snap-35b2b160,Created by CreateImage(i-8865de05) for ami-cd1dbabe from vol-659da3aa,2015-12-01 13:33:50+00:00,1000,vol-659da3aa,FALSE,i-8865de05,FALSE,ami-cd1dbabe,TRUE
snap-8942d6a1,Created by CreateImage(i-0a1cbdb3) for ami-e819be9b from vol-967c5355,2015-12-01 13:34:15+00:00,120,vol-967c5355,FALSE,i-0a1cbdb3,FALSE,ami-e819be9b,TRUE
snap-2f276b04,Created by CreateImage(i-0a1cbdb3) for ami-e819be9b from vol-b57c5376,2015-12-01 13:34:16+00:00,1000,vol-b57c5376,FALSE,i-0a1cbdb3,FALSE,ami-e819be9b,TRUE
snap-5d287d71,Created by CreateImage(i-0a1cbdb3) for ami-e819be9b from vol-f27c5331,2015-12-01 13:34:16+00:00,60,vol-f27c5331,FALSE,i-0a1cbdb3,FALSE,ami-e819be9b,TRUE
snap-7895b12e,Created by CreateImage(i-3283e98a) for ami-8f02a4fc from vol-bd083e72,2015-12-04 13:51:22+00:00,10,vol-bd083e72,FALSE,i-3283e98a,FALSE,ami-8f02a4fc,TRUE
snap-f4399ddd,Created by CreateImage(i-3283e98a) for ami-8f02a4fc from vol-4e083e81,2015-12-04 13:51:22+00:00,120,vol-4e083e81,FALSE,i-3283e98a,FALSE,ami-8f02a4fc,TRUE
snap-49b8d560,Created by CreateImage(i-3283e98a) for ami-8f02a4fc from vol-4f083e80,2015-12-04 13:51:22+00:00,8,vol-4f083e80,FALSE,i-3283e98a,FALSE,ami-8f02a4fc,TRUE
snap-55db5603,Created by CreateImage(i-3283e98a) for ami-630aac10 from vol-4f083e80,2015-12-04 14:25:03+00:00,8,vol-4f083e80,FALSE,i-3283e98a,FALSE,ami-630aac10,TRUE
snap-f9d271d1,Created by CreateImage(i-3283e98a) for ami-630aac10 from vol-4e083e81,2015-12-04 14:25:03+00:00,120,vol-4e083e81,FALSE,i-3283e98a,FALSE,ami-630aac10,TRUE
snap-97f3fab6,Created by CreateImage(i-3283e98a) for ami-630aac10 from vol-bd083e72,2015-12-04 14:25:03+00:00,10,vol-bd083e72,FALSE,i-3283e98a,FALSE,ami-630aac10,TRUE
snap-9d96c9c9,Created by CreateImage(i-3283e98a) for ami-520bad21 from vol-4f083e80,2015-12-04 15:03:53+00:00,8,vol-4f083e80,FALSE,i-3283e98a,FALSE,ami-520bad21,TRUE
snap-d5ac77fc,Created by CreateImage(i-3283e98a) for ami-520bad21 from vol-4e083e81,2015-12-04 15:03:53+00:00,120,vol-4e083e81,FALSE,i-3283e98a,FALSE,ami-520bad21,TRUE
snap-15447d3c,Created by CreateImage(i-3283e98a) for ami-520bad21 from vol-bd083e72,2015-12-04 15:03:53+00:00,10,vol-bd083e72,FALSE,i-3283e98a,FALSE,ami-520bad21,TRUE
snap-8c418ca6,Created by CreateImage(i-3283e98a) for ami-1109af62 from vol-bd083e72,2015-12-04 15:08:03+00:00,10,vol-bd083e72,FALSE,i-3283e98a,FALSE,ami-1109af62,TRUE
snap-ac12a081,Created by CreateImage(i-3283e98a) for ami-1109af62 from vol-4e083e81,2015-12-04 15:08:03+00:00,120,vol-4e083e81,FALSE,i-3283e98a,FALSE,ami-1109af62,TRUE
snap-b0eca791,Created by CreateImage(i-3283e98a) for ami-1109af62 from vol-4f083e80,2015-12-04 15:08:03+00:00,8,vol-4f083e80,FALSE,i-3283e98a,FALSE,ami-1109af62,TRUE
snap-6d485f3b,Created by CreateImage(i-3283e98a) for ami-5b0bad28 from vol-bd083e72,2015-12-04 15:11:58+00:00,10,vol-bd083e72,FALSE,i-3283e98a,FALSE,ami-5b0bad28,TRUE
snap-41d4c26b,Created by CreateImage(i-3283e98a) for ami-5b0bad28 from vol-4e083e81,2015-12-04 15:11:58+00:00,120,vol-4e083e81,FALSE,i-3283e98a,FALSE,ami-5b0bad28,TRUE
snap-8cd780ac,Created by CreateImage(i-3283e98a) for ami-5b0bad28 from vol-4f083e80,2015-12-04 15:11:58+00:00,8,vol-4f083e80,FALSE,i-3283e98a,FALSE,ami-5b0bad28,TRUE
snap-65c09933,Created by CreateImage(i-3283e98a) for ami-d30aaca0 from vol-4e083e81,2015-12-04 15:15:38+00:00,120,vol-4e083e81,FALSE,i-3283e98a,FALSE,ami-d30aaca0,TRUE
snap-a9e6f1ff,Created by CreateImage(i-3283e98a) for ami-d30aaca0 from vol-4f083e80,2015-12-04 15:15:38+00:00,8,vol-4f083e80,FALSE,i-3283e98a,FALSE,ami-d30aaca0,TRUE
snap-ee62c9c1,Created by CreateImage(i-3283e98a) for ami-d30aaca0 from vol-bd083e72,2015-12-04 15:15:38+00:00,10,vol-bd083e72,FALSE,i-3283e98a,FALSE,ami-d30aaca0,TRUE
snap-b792f49d,Created by CreateImage(i-3283e98a) for ami-b50badc6 from vol-bd083e72,2015-12-04 15:25:29+00:00,10,vol-bd083e72,FALSE,i-3283e98a,FALSE,ami-b50badc6,TRUE
snap-9b2edfba,Created by CreateImage(i-3283e98a) for ami-b50badc6 from vol-4e083e81,2015-12-04 15:25:29+00:00,120,vol-4e083e81,FALSE,i-3283e98a,FALSE,ami-b50badc6,TRUE
snap-16e7a53d,Created by CreateImage(i-3283e98a) for ami-b50badc6 from vol-4f083e80,2015-12-04 15:25:30+00:00,8,vol-4f083e80,FALSE,i-3283e98a,FALSE,ami-b50badc6,TRUE
snap-506ad504,Created by CreateImage(i-3283e98a) for ami-5909af2a from vol-bd083e72,2015-12-04 16:20:54+00:00,10,vol-bd083e72,FALSE,i-3283e98a,FALSE,ami-5909af2a,TRUE
snap-5e69d576,Created by CreateImage(i-3283e98a) for ami-5909af2a from vol-4e083e81,2015-12-04 16:20:54+00:00,120,vol-4e083e81,FALSE,i-3283e98a,FALSE,ami-5909af2a,TRUE
snap-c54f74ed,Created by CreateImage(i-3283e98a) for ami-5909af2a from vol-4f083e80,2015-12-04 16:20:55+00:00,8,vol-4f083e80,FALSE,i-3283e98a,FALSE,ami-5909af2a,TRUE
snap-c64ff2ef,Created by CreateImage(i-3283e98a) for ami-7d17b10e from vol-4e083e81,2015-12-04 16:34:25+00:00,120,vol-4e083e81,FALSE,i-3283e98a,FALSE,ami-7d17b10e,TRUE
snap-9e84d7b5,Created by CreateImage(i-3283e98a) for ami-7d17b10e from vol-bd083e72,2015-12-04 16:34:25+00:00,10,vol-bd083e72,FALSE,i-3283e98a,FALSE,ami-7d17b10e,TRUE
snap-2fdfc205,Created by CreateImage(i-3283e98a) for ami-7d17b10e from vol-4f083e80,2015-12-04 16:34:25+00:00,8,vol-4f083e80,FALSE,i-3283e98a,FALSE,ami-7d17b10e,TRUE
snap-5ff7e975,Created by CreateImage(i-3283e98a) for ami-c908aeba from vol-4e083e81,2015-12-04 16:44:10+00:00,120,vol-4e083e81,FALSE,i-3283e98a,FALSE,ami-c908aeba,TRUE
snap-39c9fd6d,Created by CreateImage(i-3283e98a) for ami-c908aeba from vol-4f083e80,2015-12-04 16:44:11+00:00,8,vol-4f083e80,FALSE,i-3283e98a,FALSE,ami-c908aeba,TRUE
snap-76e3d45c,Created by CreateImage(i-3283e98a) for ami-c908aeba from vol-bd083e72,2015-12-04 16:44:11+00:00,10,vol-bd083e72,FALSE,i-3283e98a,FALSE,ami-c908aeba,TRUE
snap-0eda8e5a,Created by CreateImage(i-3283e98a) for ami-2815b35b from vol-4e083e81,2015-12-04 16:52:19+00:00,120,vol-4e083e81,FALSE,i-3283e98a,FALSE,ami-2815b35b,TRUE
snap-7c103157,Created by CreateImage(i-3283e98a) for ami-2815b35b from vol-4f083e80,2015-12-04 16:52:19+00:00,8,vol-4f083e80,FALSE,i-3283e98a,FALSE,ami-2815b35b,TRUE
snap-77c1e558,Created by CreateImage(i-3283e98a) for ami-2815b35b from vol-bd083e72,2015-12-04 16:52:19+00:00,10,vol-bd083e72,FALSE,i-3283e98a,FALSE,ami-2815b35b,TRUE
snap-adfce0f9,Created by CreateImage(i-3283e98a) for ami-3012b443 from vol-4f083e80,2015-12-04 17:01:20+00:00,8,vol-4f083e80,FALSE,i-3283e98a,FALSE,ami-3012b443,TRUE
snap-16bc7f40,Created by CreateImage(i-3283e98a) for ami-3012b443 from vol-bd083e72,2015-12-04 17:01:20+00:00,10,vol-bd083e72,FALSE,i-3283e98a,FALSE,ami-3012b443,TRUE
snap-ea622cc6,Created by CreateImage(i-3283e98a) for ami-3012b443 from vol-4e083e81,2015-12-04 17:01:20+00:00,120,vol-4e083e81,FALSE,i-3283e98a,FALSE,ami-3012b443,TRUE
snap-3c368a68,Created by CreateImage(i-3283e98a) for ami-b914b2ca from vol-4f083e80,2015-12-04 17:11:06+00:00,8,vol-4f083e80,FALSE,i-3283e98a,FALSE,ami-b914b2ca,TRUE
snap-0da17f26,Created by CreateImage(i-3283e98a) for ami-b914b2ca from vol-4e083e81,2015-12-04 17:11:06+00:00,120,vol-4e083e81,FALSE,i-3283e98a,FALSE,ami-b914b2ca,TRUE
snap-7b1b3054,Created by CreateImage(i-3283e98a) for ami-b914b2ca from vol-bd083e72,2015-12-04 17:11:06+00:00,10,vol-bd083e72,FALSE,i-3283e98a,FALSE,ami-b914b2ca,TRUE
snap-85e342d3,Created by CreateImage(i-3283e98a) for ami-02c66671 from vol-4e083e81,2015-12-09 09:25:12+00:00,120,vol-4e083e81,FALSE,i-3283e98a,FALSE,ami-02c66671,TRUE
snap-8b6ee3a3,Created by CreateImage(i-3283e98a) for ami-02c66671 from vol-bd083e72,2015-12-09 09:25:12+00:00,10,vol-bd083e72,FALSE,i-3283e98a,FALSE,ami-02c66671,TRUE
snap-35d9031a,Created by CreateImage(i-3283e98a) for ami-02c66671 from vol-4f083e80,2015-12-09 09:25:12+00:00,8,vol-4f083e80,FALSE,i-3283e98a,FALSE,ami-02c66671,TRUE
snap-1550693f,Created by CreateImage(i-3283e98a) for ami-04c96977 from vol-4e083e81,2015-12-09 09:45:26+00:00,120,vol-4e083e81,FALSE,i-3283e98a,FALSE,ami-04c96977,TRUE
snap-1318cc47,Created by CreateImage(i-3283e98a) for ami-04c96977 from vol-bd083e72,2015-12-09 09:45:27+00:00,10,vol-bd083e72,FALSE,i-3283e98a,FALSE,ami-04c96977,TRUE
snap-839e11d7,Created by CreateImage(i-3283e98a) for ami-04c96977 from vol-4f083e80,2015-12-09 09:45:27+00:00,8,vol-4f083e80,FALSE,i-3283e98a,FALSE,ami-04c96977,TRUE
snap-16863840,Created by CreateImage(i-3283e98a) for ami-c2c464b1 from vol-bd083e72,2015-12-09 10:14:12+00:00,10,vol-bd083e72,FALSE,i-3283e98a,FALSE,ami-c2c464b1,TRUE
snap-183b4f30,Created by CreateImage(i-3283e98a) for ami-c2c464b1 from vol-4e083e81,2015-12-09 10:14:12+00:00,120,vol-4e083e81,FALSE,i-3283e98a,FALSE,ami-c2c464b1,TRUE
snap-ca3d5ae0,Created by CreateImage(i-3283e98a) for ami-c2c464b1 from vol-4f083e80,2015-12-09 10:14:12+00:00,8,vol-4f083e80,FALSE,i-3283e98a,FALSE,ami-c2c464b1,TRUE
snap-4d5e4564,Created by CreateImage(i-3283e98a) for ami-47ca6a34 from vol-4e083e81,2015-12-09 10:48:31+00:00,120,vol-4e083e81,FALSE,i-3283e98a,FALSE,ami-47ca6a34,TRUE
snap-aacee081,Created by CreateImage(i-3283e98a) for ami-47ca6a34 from vol-4f083e80,2015-12-09 10:48:32+00:00,8,vol-4f083e80,FALSE,i-3283e98a,FALSE,ami-47ca6a34,TRUE
snap-0c559b21,Created by CreateImage(i-3283e98a) for ami-47ca6a34 from vol-bd083e72,2015-12-09 10:48:32+00:00,10,vol-bd083e72,FALSE,i-3283e98a,FALSE,ami-47ca6a34,TRUE
snap-2f1b1d7b,Created by CreateImage(i-3283e98a) for ami-bfca6acc from vol-4e083e81,2015-12-09 11:11:07+00:00,120,vol-4e083e81,FALSE,i-3283e98a,FALSE,ami-bfca6acc,TRUE
snap-6e03f439,Created by CreateImage(i-3283e98a) for ami-bfca6acc from vol-bd083e72,2015-12-09 11:11:07+00:00,10,vol-bd083e72,FALSE,i-3283e98a,FALSE,ami-bfca6acc,TRUE
snap-6a68754b,Created by CreateImage(i-3283e98a) for ami-bfca6acc from vol-4f083e80,2015-12-09 11:11:08+00:00,8,vol-4f083e80,FALSE,i-3283e98a,FALSE,ami-bfca6acc,TRUE
snap-27affc71,Created by CreateImage(i-3283e98a) for ami-40c86833 from vol-4f083e80,2015-12-09 11:29:38+00:00,8,vol-4f083e80,FALSE,i-3283e98a,FALSE,ami-40c86833,TRUE
snap-0baf1220,Created by CreateImage(i-3283e98a) for ami-40c86833 from vol-4e083e81,2015-12-09 11:29:38+00:00,120,vol-4e083e81,FALSE,i-3283e98a,FALSE,ami-40c86833,TRUE
snap-b49de495,Created by CreateImage(i-3283e98a) for ami-40c86833 from vol-bd083e72,2015-12-09 11:29:38+00:00,10,vol-bd083e72,FALSE,i-3283e98a,FALSE,ami-40c86833,TRUE
snap-5f90900a,Created by CreateImage(i-c237a74f) for ami-9b9434e8 from vol-bcc7d073,2015-12-10 11:51:15+00:00,120,vol-bcc7d073,FALSE,i-c237a74f,FALSE,ami-9b9434e8,TRUE
snap-f1ac9ca7,Created by CreateImage(i-c237a74f) for ami-9b9434e8 from vol-01c7d0ce,2015-12-10 11:51:15+00:00,10,vol-01c7d0ce,FALSE,i-c237a74f,FALSE,ami-9b9434e8,TRUE
snap-a14698f6,Created by CreateImage(i-c237a74f) for ami-9b9434e8 from vol-72c7d0bd,2015-12-10 11:51:16+00:00,8,vol-72c7d0bd,FALSE,i-c237a74f,FALSE,ami-9b9434e8,TRUE
snap-8fd0c1db,Created by CreateImage(i-acdd4021) for ami-f4953587 from vol-ae948561,2015-12-10 11:52:10+00:00,8,vol-ae948561,FALSE,i-acdd4021,FALSE,ami-f4953587,TRUE
snap-7a6fbb50,Created by CreateImage(i-acdd4021) for ami-f4953587 from vol-b294857d,2015-12-10 11:52:10+00:00,10,vol-b294857d,FALSE,i-acdd4021,FALSE,ami-f4953587,TRUE
snap-c56f49ea,Created by CreateImage(i-acdd4021) for ami-f4953587 from vol-f494853b,2015-12-10 11:52:10+00:00,120,vol-f494853b,FALSE,i-acdd4021,FALSE,ami-f4953587,TRUE
snap-fb519daf,Created by CreateImage(i-a9dc4124) for ami-cf9131bc from vol-4d978682,2015-12-10 11:52:49+00:00,10,vol-4d978682,FALSE,i-a9dc4124,FALSE,ami-cf9131bc,TRUE
snap-a4645c8d,Created by CreateImage(i-a9dc4124) for ami-cf9131bc from vol-bd978672,2015-12-10 11:52:49+00:00,8,vol-bd978672,FALSE,i-a9dc4124,FALSE,ami-cf9131bc,TRUE
snap-33b77418,Created by CreateImage(i-a9dc4124) for ami-cf9131bc from vol-bc978673,2015-12-10 11:52:49+00:00,120,vol-bc978673,FALSE,i-a9dc4124,FALSE,ami-cf9131bc,TRUE
snap-31a22465,Created by CreateImage(i-34dd40b9) for ami-63963610 from vol-299786e6,2015-12-10 11:53:30+00:00,8,vol-299786e6,FALSE,i-34dd40b9,FALSE,ami-63963610,TRUE
snap-66b3e530,Created by CreateImage(i-34dd40b9) for ami-63963610 from vol-8e968741,2015-12-10 11:53:30+00:00,10,vol-8e968741,FALSE,i-34dd40b9,FALSE,ami-63963610,TRUE
snap-6dbfc747,Created by CreateImage(i-34dd40b9) for ami-63963610 from vol-3c9786f3,2015-12-10 11:53:30+00:00,120,vol-3c9786f3,FALSE,i-34dd40b9,FALSE,ami-63963610,TRUE
snap-b27b7698,Created by CreateImage(i-fddf4270) for ami-d19434a2 from vol-359786fa,2015-12-10 11:54:00+00:00,120,vol-359786fa,FALSE,i-fddf4270,FALSE,ami-d19434a2,TRUE
snap-a7b01088,Created by CreateImage(i-fddf4270) for ami-d19434a2 from vol-c196870e,2015-12-10 11:54:01+00:00,8,vol-c196870e,FALSE,i-fddf4270,FALSE,ami-d19434a2,TRUE
snap-5d1c6272,Created by CreateImage(i-fddf4270) for ami-d19434a2 from vol-fb968734,2015-12-10 11:54:01+00:00,10,vol-fb968734,FALSE,i-fddf4270,FALSE,ami-d19434a2,TRUE
snap-cd3473e5,Created by CreateImage(i-0adc4187) for ami-cc9131bf from vol-9a968755,2015-12-10 11:54:42+00:00,120,vol-9a968755,FALSE,i-0adc4187,FALSE,ami-cc9131bf,TRUE
snap-5478a178,Created by CreateImage(i-0adc4187) for ami-cc9131bf from vol-a496876b,2015-12-10 11:54:42+00:00,8,vol-a496876b,FALSE,i-0adc4187,FALSE,ami-cc9131bf,TRUE
snap-0bf90b24,Created by CreateImage(i-0adc4187) for ami-cc9131bf from vol-1b9786d4,2015-12-10 11:54:42+00:00,10,vol-1b9786d4,FALSE,i-0adc4187,FALSE,ami-cc9131bf,TRUE
snap-2c6d5104,Created by CreateImage(i-324d62bb) for ami-c21abab1 from vol-6d7b74ae,2015-12-12 13:24:08+00:00,10,vol-6d7b74ae,FALSE,i-324d62bb,FALSE,ami-c21abab1,TRUE
snap-d9d4b0f5,Created by CreateImage(i-324d62bb) for ami-c21abab1 from vol-4c7b748f,2015-12-12 13:24:08+00:00,120,vol-4c7b748f,FALSE,i-324d62bb,FALSE,ami-c21abab1,TRUE
snap-67e46746,Created by CreateImage(i-324d62bb) for ami-c21abab1 from vol-4d7b748e,2015-12-12 13:24:08+00:00,8,vol-4d7b748e,FALSE,i-324d62bb,FALSE,ami-c21abab1,TRUE
snap-a8835083,Created by CreateImage(i-324d62bb) for ami-34e04347 from vol-6d7b74ae,2015-12-12 13:31:38+00:00,10,vol-6d7b74ae,FALSE,i-324d62bb,FALSE,ami-34e04347,TRUE
snap-afb96885,Created by CreateImage(i-324d62bb) for ami-34e04347 from vol-4d7b748e,2015-12-12 13:31:38+00:00,8,vol-4d7b748e,FALSE,i-324d62bb,FALSE,ami-34e04347,TRUE
snap-f2e324d3,Created by CreateImage(i-324d62bb) for ami-34e04347 from vol-4c7b748f,2015-12-12 13:31:38+00:00,120,vol-4c7b748f,FALSE,i-324d62bb,FALSE,ami-34e04347,TRUE
snap-78b16c2f,Created by CreateImage(i-324d62bb) for ami-8f1dbdfc from vol-4c7b748f,2015-12-12 15:16:50+00:00,120,vol-4c7b748f,FALSE,i-324d62bb,FALSE,ami-8f1dbdfc,TRUE
snap-2152610d,Created by CreateImage(i-324d62bb) for ami-8f1dbdfc from vol-6d7b74ae,2015-12-12 15:16:50+00:00,10,vol-6d7b74ae,FALSE,i-324d62bb,FALSE,ami-8f1dbdfc,TRUE
snap-48096f68,Created by CreateImage(i-324d62bb) for ami-8f1dbdfc from vol-4d7b748e,2015-12-12 15:16:51+00:00,8,vol-4d7b748e,FALSE,i-324d62bb,FALSE,ami-8f1dbdfc,TRUE
snap-6e55653a,Created by CreateImage(i-324d62bb) for ami-67e34014 from vol-4d7b748e,2015-12-12 15:25:54+00:00,8,vol-4d7b748e,FALSE,i-324d62bb,FALSE,ami-67e34014,TRUE
snap-a3794f83,Created by CreateImage(i-324d62bb) for ami-67e34014 from vol-4c7b748f,2015-12-12 15:25:54+00:00,120,vol-4c7b748f,FALSE,i-324d62bb,FALSE,ami-67e34014,TRUE
snap-b962cc96,Created by CreateImage(i-324d62bb) for ami-67e34014 from vol-6d7b74ae,2015-12-12 15:25:55+00:00,10,vol-6d7b74ae,FALSE,i-324d62bb,FALSE,ami-67e34014,TRUE
snap-a7aa6df1,Created by CreateImage(i-324d62bb) for ami-8a1fbff9 from vol-6d7b74ae,2015-12-12 15:35:54+00:00,10,vol-6d7b74ae,FALSE,i-324d62bb,FALSE,ami-8a1fbff9,TRUE
snap-48fd2263,Created by CreateImage(i-324d62bb) for ami-8a1fbff9 from vol-4c7b748f,2015-12-12 15:35:54+00:00,120,vol-4c7b748f,FALSE,i-324d62bb,FALSE,ami-8a1fbff9,TRUE
snap-aecbaf82,Created by CreateImage(i-324d62bb) for ami-8a1fbff9 from vol-4d7b748e,2015-12-12 15:35:54+00:00,8,vol-4d7b748e,FALSE,i-324d62bb,FALSE,ami-8a1fbff9,TRUE
snap-83faf2d7,Created by CreateImage(i-324d62bb) for ami-b3e142c0 from vol-4c7b748f,2015-12-12 15:47:44+00:00,120,vol-4c7b748f,FALSE,i-324d62bb,FALSE,ami-b3e142c0,TRUE
snap-472c426a,Created by CreateImage(i-324d62bb) for ami-b3e142c0 from vol-6d7b74ae,2015-12-12 15:47:46+00:00,10,vol-6d7b74ae,FALSE,i-324d62bb,FALSE,ami-b3e142c0,TRUE
snap-86175daa,Created by CreateImage(i-324d62bb) for ami-b3e142c0 from vol-4d7b748e,2015-12-12 15:47:46+00:00,8,vol-4d7b748e,FALSE,i-324d62bb,FALSE,ami-b3e142c0,TRUE
snap-982364cc,Created by CreateImage(i-e1d7b559) for ami-5e84272d from vol-1f4960d0,2015-12-14 10:25:59+00:00,120,vol-1f4960d0,FALSE,i-e1d7b559,FALSE,ami-5e84272d,TRUE
snap-446a256e,Created by CreateImage(i-e1d7b559) for ami-5e84272d from vol-6c4960a3,2015-12-14 10:25:59+00:00,8,vol-6c4960a3,FALSE,i-e1d7b559,FALSE,ami-5e84272d,TRUE
snap-8ee2dba2,Created by CreateImage(i-e1d7b559) for ami-5e84272d from vol-284960e7,2015-12-14 10:25:59+00:00,10,vol-284960e7,FALSE,i-e1d7b559,FALSE,ami-5e84272d,TRUE
snap-df9ea689,Created by CreateImage(i-e1d7b559) for ami-258e2d56 from vol-6c4960a3,2015-12-14 10:59:49+00:00,8,vol-6c4960a3,FALSE,i-e1d7b559,FALSE,ami-258e2d56,TRUE
snap-80940fac,Created by CreateImage(i-e1d7b559) for ami-258e2d56 from vol-284960e7,2015-12-14 10:59:49+00:00,10,vol-284960e7,FALSE,i-e1d7b559,FALSE,ami-258e2d56,TRUE
snap-23e1390c,Created by CreateImage(i-e1d7b559) for ami-258e2d56 from vol-1f4960d0,2015-12-14 10:59:49+00:00,120,vol-1f4960d0,FALSE,i-e1d7b559,FALSE,ami-258e2d56,TRUE
snap-02c37e54,Created by CreateImage(i-e1d7b559) for ami-fc8a298f from vol-1f4960d0,2015-12-14 11:09:34+00:00,120,vol-1f4960d0,FALSE,i-e1d7b559,FALSE,ami-fc8a298f,TRUE
snap-59f71273,Created by CreateImage(i-e1d7b559) for ami-fc8a298f from vol-6c4960a3,2015-12-14 11:09:35+00:00,8,vol-6c4960a3,FALSE,i-e1d7b559,FALSE,ami-fc8a298f,TRUE
snap-6c42f740,Created by CreateImage(i-e1d7b559) for ami-fc8a298f from vol-284960e7,2015-12-14 11:09:35+00:00,10,vol-284960e7,FALSE,i-e1d7b559,FALSE,ami-fc8a298f,TRUE
snap-f50078a1,Created by CreateImage(i-e1d7b559) for ami-438a2930 from vol-1f4960d0,2015-12-14 11:17:31+00:00,120,vol-1f4960d0,FALSE,i-e1d7b559,FALSE,ami-438a2930,TRUE
snap-913130c5,Created by CreateImage(i-e1d7b559) for ami-438a2930 from vol-6c4960a3,2015-12-14 11:17:31+00:00,8,vol-6c4960a3,FALSE,i-e1d7b559,FALSE,ami-438a2930,TRUE
snap-58cc1c77,Created by CreateImage(i-e1d7b559) for ami-438a2930 from vol-284960e7,2015-12-14 11:17:31+00:00,10,vol-284960e7,FALSE,i-e1d7b559,FALSE,ami-438a2930,TRUE
snap-a85ee3fc,Created by CreateImage(i-e1d7b559) for ami-cd8b28be from vol-1f4960d0,2015-12-14 11:26:01+00:00,120,vol-1f4960d0,FALSE,i-e1d7b559,FALSE,ami-cd8b28be,TRUE
snap-ec66a2bb,Created by CreateImage(i-e1d7b559) for ami-cd8b28be from vol-6c4960a3,2015-12-14 11:26:01+00:00,8,vol-6c4960a3,FALSE,i-e1d7b559,FALSE,ami-cd8b28be,TRUE
snap-ace2dc86,Created by CreateImage(i-e1d7b559) for ami-cd8b28be from vol-284960e7,2015-12-14 11:26:01+00:00,10,vol-284960e7,FALSE,i-e1d7b559,FALSE,ami-cd8b28be,TRUE
snap-035d7528,Created by CreateImage(i-e1d7b559) for ami-e3892a90 from vol-284960e7,2015-12-14 11:36:11+00:00,10,vol-284960e7,FALSE,i-e1d7b559,FALSE,ami-e3892a90,TRUE
snap-e35ae5cc,Created by CreateImage(i-e1d7b559) for ami-e3892a90 from vol-6c4960a3,2015-12-14 11:36:11+00:00,8,vol-6c4960a3,FALSE,i-e1d7b559,FALSE,ami-e3892a90,TRUE
snap-5d2db872,Created by CreateImage(i-e1d7b559) for ami-e3892a90 from vol-1f4960d0,2015-12-14 11:36:11+00:00,120,vol-1f4960d0,FALSE,i-e1d7b559,FALSE,ami-e3892a90,TRUE
snap-b7b781e1,Created by CreateImage(i-e1d7b559) for ami-0f8e2d7c from vol-284960e7,2015-12-14 11:47:21+00:00,10,vol-284960e7,FALSE,i-e1d7b559,FALSE,ami-0f8e2d7c,TRUE
snap-951f99b8,Created by CreateImage(i-e1d7b559) for ami-0f8e2d7c from vol-1f4960d0,2015-12-14 11:47:21+00:00,120,vol-1f4960d0,FALSE,i-e1d7b559,FALSE,ami-0f8e2d7c,TRUE
snap-4ab65065,Created by CreateImage(i-e1d7b559) for ami-0f8e2d7c from vol-6c4960a3,2015-12-14 11:47:21+00:00,8,vol-6c4960a3,FALSE,i-e1d7b559,FALSE,ami-0f8e2d7c,TRUE
snap-110e6c31,Created by CreateImage(i-ec60e864) for ami-7664dc05 from vol-439ce681,2016-03-09 12:50:55+00:00,30,vol-439ce681,FALSE,i-ec60e864,FALSE,ami-7664dc05,TRUE
snap-83da1f69,Created by CreateImage(i-2246c69a) for ami-65b82f16 from vol-91743f5e,2016-05-19 13:20:10+00:00,10,vol-91743f5e,FALSE,i-2246c69a,FALSE,ami-65b82f16,TRUE
snap-09a219e4,Created by CreateImage(i-2246c69a) for ami-65b82f16 from vol-06753ec9,2016-05-19 13:20:10+00:00,8,vol-06753ec9,FALSE,i-2246c69a,FALSE,ami-65b82f16,TRUE
snap-4f8ed8a2,Created by CreateImage(i-2246c69a) for ami-65b82f16 from vol-05753eca,2016-05-19 13:20:10+00:00,120,vol-05753eca,FALSE,i-2246c69a,FALSE,ami-65b82f16,TRUE
snap-0902d529,Created by CreateImage(i-cf021142) for ami-1faa396c from vol-e2107c2c,2016-06-01 14:15:27+00:00,353,vol-e2107c2c,FALSE,i-cf021142,FALSE,ami-1faa396c,TRUE
snap-0578ce16,Created by CreateImage(i-cf021142) for ami-1faa396c from vol-f3107c3d,2016-06-01 14:15:27+00:00,40,vol-f3107c3d,FALSE,i-cf021142,FALSE,ami-1faa396c,TRUE
snap-8806bc65,Created by CreateImage(i-cf021142) for ami-1faa396c from vol-83107c4d,2016-06-01 14:15:27+00:00,500,vol-83107c4d,FALSE,i-cf021142,FALSE,ami-1faa396c,TRUE
snap-43316b6c,Created by CreateImage(i-cf021142) for ami-1faa396c from vol-ac107c62,2016-06-01 14:15:28+00:00,50,vol-ac107c62,FALSE,i-cf021142,FALSE,ami-1faa396c,TRUE
snap-275394ca,Created by CreateImage(i-cf021142) for ami-1faa396c from vol-58107c96,2016-06-01 14:15:28+00:00,350,vol-58107c96,FALSE,i-cf021142,FALSE,ami-1faa396c,TRUE
snap-7b984958,Created by CreateImage(i-ce021143) for ami-18aa396b from vol-82107c4c,2016-06-01 14:18:25+00:00,50,vol-82107c4c,FALSE,i-ce021143,FALSE,ami-18aa396b,TRUE
snap-3c6fa1d1,Created by CreateImage(i-ce021143) for ami-18aa396b from vol-ad107c63,2016-06-01 14:18:25+00:00,40,vol-ad107c63,FALSE,i-ce021143,FALSE,ami-18aa396b,TRUE
snap-9184027c,Created by CreateImage(i-ce021143) for ami-18aa396b from vol-80107c4e,2016-06-01 14:18:26+00:00,500,vol-80107c4e,FALSE,i-ce021143,FALSE,ami-18aa396b,TRUE
snap-13c6acfe,Created by CreateImage(i-aa0d1e27) for ami-e9a6359a from vol-b9620e77,2016-06-01 14:20:58+00:00,120,vol-b9620e77,FALSE,i-aa0d1e27,FALSE,ami-e9a6359a,TRUE
snap-da3aed36,Created by CreateImage(i-aa0d1e27) for ami-e9a6359a from vol-2f610de1,2016-06-01 14:20:58+00:00,65,vol-2f610de1,FALSE,i-aa0d1e27,FALSE,ami-e9a6359a,TRUE
snap-b047425b,Created by CreateImage(i-ab63d523) for ami-60a93a13 from vol-c3ee7501,2016-06-01 14:22:35+00:00,65,vol-c3ee7501,FALSE,i-ab63d523,FALSE,ami-60a93a13,TRUE
snap-adc88841,Created by CreateImage(i-ab63d523) for ami-60a93a13 from vol-22ef74e0,2016-06-01 14:22:35+00:00,120,vol-22ef74e0,FALSE,i-ab63d523,FALSE,ami-60a93a13,TRUE
snap-0eb08de5,Created by CreateImage(i-6f0516e2) for ami-a0ab38d3 from vol-156c00db,2016-06-01 14:23:32+00:00,120,vol-156c00db,FALSE,i-6f0516e2,FALSE,ami-a0ab38d3,TRUE
snap-25589bcf,Created by CreateImage(i-6f0516e2) for ami-a0ab38d3 from vol-ae6d0160,2016-06-01 14:23:32+00:00,65,vol-ae6d0160,FALSE,i-6f0516e2,FALSE,ami-a0ab38d3,TRUE
snap-f8976bdb,Created by CreateImage(i-ae7acc26) for ami-6fa93a1c from vol-12f269d0,2016-06-01 14:24:29+00:00,120,vol-12f269d0,FALSE,i-ae7acc26,FALSE,ami-6fa93a1c,TRUE
snap-b2bf565d,Created by CreateImage(i-ae7acc26) for ami-6fa93a1c from vol-54f26996,2016-06-01 14:24:29+00:00,65,vol-54f26996,FALSE,i-ae7acc26,FALSE,ami-6fa93a1c,TRUE
snap-3147b21c,Created by CreateImage(i-28091aa5) for ami-13ab3860 from vol-536b079d,2016-06-01 14:26:48+00:00,120,vol-536b079d,FALSE,i-28091aa5,FALSE,ami-13ab3860,TRUE
snap-256d9ec9,Created by CreateImage(i-28091aa5) for ami-13ab3860 from vol-506b079e,2016-06-01 14:26:49+00:00,65,vol-506b079e,FALSE,i-28091aa5,FALSE,ami-13ab3860,TRUE
snap-205603cb,Created by CreateImage(i-b967d131) for ami-a8ab38db from vol-b5f56e77,2016-06-01 14:27:20+00:00,120,vol-b5f56e77,FALSE,i-b967d131,FALSE,ami-a8ab38db,TRUE
snap-071192ea,Created by CreateImage(i-b967d131) for ami-a8ab38db from vol-c7f46f05,2016-06-01 14:27:20+00:00,65,vol-c7f46f05,FALSE,i-b967d131,FALSE,ami-a8ab38db,TRUE
snap-ada44540,Created by CreateImage(i-48e7e6c0) for ami-157ee766 from vol-5e90389b,2016-06-21 09:45:24+00:00,100,vol-5e90389b,FALSE,i-48e7e6c0,FALSE,ami-157ee766,TRUE
snap-807b0d6b,Created by CreateImage(i-48e7e6c0) for ami-157ee766 from vol-e4258d21,2016-06-21 09:45:25+00:00,100,vol-e4258d21,FALSE,i-48e7e6c0,FALSE,ami-157ee766,TRUE
snap-08e2aae3,Created by CreateImage(i-48e7e6c0) for ami-157ee766 from vol-342189f1,2016-06-21 09:45:25+00:00,100,vol-342189f1,FALSE,i-48e7e6c0,FALSE,ami-157ee766,TRUE
snap-f44ac419,Created by CreateImage(i-48e7e6c0) for ami-157ee766 from vol-20238be5,2016-06-21 09:45:25+00:00,100,vol-20238be5,FALSE,i-48e7e6c0,FALSE,ami-157ee766,TRUE
snap-7dbeca90,Created by CreateImage(i-48e7e6c0) for ami-157ee766 from vol-31228af4,2016-06-21 09:45:25+00:00,100,vol-31228af4,FALSE,i-48e7e6c0,FALSE,ami-157ee766,TRUE
snap-82b6ff6f,Created by CreateImage(i-48e7e6c0) for ami-157ee766 from vol-32258df7,2016-06-21 09:45:25+00:00,25,vol-32258df7,FALSE,i-48e7e6c0,FALSE,ami-157ee766,TRUE
snap-05c504e9,Created by CreateImage(i-48e7e6c0) for ami-157ee766 from vol-3d228af8,2016-06-21 09:45:25+00:00,100,vol-3d228af8,FALSE,i-48e7e6c0,FALSE,ami-157ee766,TRUE
snap-5aa27cb6,Created by CreateImage(i-48e7e6c0) for ami-157ee766 from vol-b7a11272,2016-06-21 09:45:25+00:00,100,vol-b7a11272,FALSE,i-48e7e6c0,FALSE,ami-157ee766,TRUE
snap-0c3e7de0,Created by CreateImage(i-48e7e6c0) for ami-157ee766 from vol-de228a1b,2016-06-21 09:45:25+00:00,100,vol-de228a1b,FALSE,i-48e7e6c0,FALSE,ami-157ee766,TRUE
snap-d0d7863c,Created by CreateImage(i-48e7e6c0) for ami-157ee766 from vol-4e248c8b,2016-06-21 09:45:25+00:00,25,vol-4e248c8b,FALSE,i-48e7e6c0,FALSE,ami-157ee766,TRUE
snap-6f407c83,Created by CreateImage(i-48e7e6c0) for ami-157ee766 from vol-62248ca7,2016-06-21 09:45:25+00:00,100,vol-62248ca7,FALSE,i-48e7e6c0,FALSE,ami-157ee766,TRUE
snap-3bad09d6,Created by CreateImage(i-6f14a4e3) for ami-47d54d34 from vol-f68ede48,2016-06-22 09:41:34+00:00,700,vol-f68ede48,FALSE,i-6f14a4e3,FALSE,ami-47d54d34,TRUE
snap-ab873447,Created by CreateImage(i-6f14a4e3) for ami-47d54d34 from vol-dd8ede63,2016-06-22 09:41:34+00:00,40,vol-dd8ede63,FALSE,i-6f14a4e3,FALSE,ami-47d54d34,TRUE
snap-3836add3,Created by CreateImage(i-6114a4ed) for ami-06d64e75 from vol-328ede8c,2016-06-22 09:45:15+00:00,40,vol-328ede8c,FALSE,i-6114a4ed,FALSE,ami-06d64e75,TRUE
snap-4988b0a4,Created by CreateImage(i-6114a4ed) for ami-06d64e75 from vol-2a8ede94,2016-06-22 09:45:15+00:00,500,vol-2a8ede94,FALSE,i-6114a4ed,FALSE,ami-06d64e75,TRUE
snap-a7cbddf2,Created by CreateImage(i-0b03b387) for ami-79d24a0a from vol-44a6f6fa,2016-06-22 09:49:10+00:00,120,vol-44a6f6fa,FALSE,i-0b03b387,FALSE,ami-79d24a0a,TRUE
snap-9233f37f,Created by CreateImage(i-0b03b387) for ami-79d24a0a from vol-3ea7f780,2016-06-22 09:49:10+00:00,65,vol-3ea7f780,FALSE,i-0b03b387,FALSE,ami-79d24a0a,TRUE
snap-960ebdc2,Created by CreateImage(i-7603b3fa) for ami-00d64e73 from vol-31a7f78f,2016-06-22 09:52:03+00:00,120,vol-31a7f78f,FALSE,i-7603b3fa,FALSE,ami-00d64e73,TRUE
snap-135fc7fe,Created by CreateImage(i-7603b3fa) for ami-00d64e73 from vol-7fa7f7c1,2016-06-22 09:52:03+00:00,65,vol-7fa7f7c1,FALSE,i-7603b3fa,FALSE,ami-00d64e73,TRUE
snap-116e29fd,Created by CreateImage(i-7202b2fe) for ami-58d1492b from vol-55a6f6eb,2016-06-22 09:54:08+00:00,120,vol-55a6f6eb,FALSE,i-7202b2fe,FALSE,ami-58d1492b,TRUE
snap-494969a5,Created by CreateImage(i-7202b2fe) for ami-58d1492b from vol-afa7f711,2016-06-22 09:54:09+00:00,65,vol-afa7f711,FALSE,i-7202b2fe,FALSE,ami-58d1492b,TRUE
snap-16899bfb,Created by CreateImage(i-b891c230) for ami-00d54d73 from vol-0b7a9dce,2016-06-22 10:00:31+00:00,65,vol-0b7a9dce,FALSE,i-b891c230,FALSE,ami-00d54d73,TRUE
snap-3bc520d7,Created by CreateImage(i-b891c230) for ami-00d54d73 from vol-b97a9d7c,2016-06-22 10:00:31+00:00,120,vol-b97a9d7c,FALSE,i-b891c230,FALSE,ami-00d54d73,TRUE
snap-ef3fb603,Created by CreateImage(i-c593c04d) for ami-33d44c40 from vol-f0799e35,2016-06-22 10:04:24+00:00,120,vol-f0799e35,FALSE,i-c593c04d,FALSE,ami-33d44c40,TRUE
snap-9246d7c6,Created by CreateImage(i-c593c04d) for ami-33d44c40 from vol-e7799e22,2016-06-22 10:04:25+00:00,65,vol-e7799e22,FALSE,i-c593c04d,FALSE,ami-33d44c40,TRUE
snap-02290de9,Created by CreateImage(i-6092c1e8) for ami-4fd44c3c from vol-267a9de3,2016-06-22 10:07:00+00:00,120,vol-267a9de3,FALSE,i-6092c1e8,FALSE,ami-4fd44c3c,TRUE
snap-295829c5,Created by CreateImage(i-6092c1e8) for ami-4fd44c3c from vol-aa799e6f,2016-06-22 10:07:00+00:00,65,vol-aa799e6f,FALSE,i-6092c1e8,FALSE,ami-4fd44c3c,TRUE
snap-9d929176,Created by CreateImage(i-9312691f) for ami-ca1a80b9 from vol-fff7244e,2016-06-30 11:59:20+00:00,30,vol-fff7244e,FALSE,i-9312691f,FALSE,ami-ca1a80b9,TRUE
snap-df923b8b,Created by CreateImage(i-0214f589) for ami-73b5d300 from vol-82116501,2016-07-12 09:29:26+00:00,100,vol-82116501,FALSE,i-0214f589,FALSE,ami-73b5d300,TRUE
snap-a648b789,Created by CreateImage(i-0214f589) for ami-73b5d300 from vol-81116502,2016-07-12 09:29:26+00:00,100,vol-81116502,FALSE,i-0214f589,FALSE,ami-73b5d300,TRUE
snap-7aa3b85b,Created by CreateImage(i-0214f589) for ami-73b5d300 from vol-731064f0,2016-07-12 09:29:26+00:00,100,vol-731064f0,FALSE,i-0214f589,FALSE,ami-73b5d300,TRUE
snap-c904b5ea,Created by CreateImage(i-0214f589) for ami-73b5d300 from vol-6c1064ef,2016-07-12 09:29:26+00:00,50,vol-6c1064ef,FALSE,i-0214f589,FALSE,ami-73b5d300,TRUE
snap-43824850,Created by CreateImage(i-0214f589) for ami-73b5d300 from vol-06116585,2016-07-12 09:29:27+00:00,200,vol-06116585,FALSE,i-0214f589,FALSE,ami-73b5d300,TRUE
snap-a9e4cb42,Created by CreateImage(i-0214f589) for ami-73b5d300 from vol-05116586,2016-07-12 09:29:27+00:00,100,vol-05116586,FALSE,i-0214f589,FALSE,ami-73b5d300,TRUE
snap-f612fe1c,Created by CreateImage(i-0214f589) for ami-73b5d300 from vol-bc11653f,2016-07-12 09:29:27+00:00,100,vol-bc11653f,FALSE,i-0214f589,FALSE,ami-73b5d300,TRUE
snap-7e8f6593,Created by CreateImage(i-0214f589) for ami-73b5d300 from vol-f5116576,2016-07-12 09:29:27+00:00,100,vol-f5116576,FALSE,i-0214f589,FALSE,ami-73b5d300,TRUE
snap-e266d60f,Created by CreateImage(i-0214f589) for ami-73b5d300 from vol-a3116520,2016-07-12 09:29:27+00:00,200,vol-a3116520,FALSE,i-0214f589,FALSE,ami-73b5d300,TRUE
snap-34db80d8,Created by CreateImage(i-0214f589) for ami-73b5d300 from vol-bd11653e,2016-07-12 09:29:27+00:00,100,vol-bd11653e,FALSE,i-0214f589,FALSE,ami-73b5d300,TRUE
snap-4d646519,Created by CreateImage(i-6ac39ee6) for ami-c1acc1b2 from vol-34b93e85,2016-07-26 08:12:35+00:00,100,vol-34b93e85,FALSE,i-6ac39ee6,FALSE,ami-c1acc1b2,TRUE
snap-89ff86a1,Created by CreateImage(i-6ac39ee6) for ami-c1acc1b2 from vol-c0b93e71,2016-07-26 08:12:35+00:00,200,vol-c0b93e71,FALSE,i-6ac39ee6,FALSE,ami-c1acc1b2,TRUE
snap-06dfafed,Created by CreateImage(i-6ac39ee6) for ami-c1acc1b2 from vol-c3b93e72,2016-07-26 08:12:35+00:00,100,vol-c3b93e72,FALSE,i-6ac39ee6,FALSE,ami-c1acc1b2,TRUE
snap-f7f3fc1c,Created by CreateImage(i-6ac39ee6) for ami-c1acc1b2 from vol-8fb93e3e,2016-07-26 08:12:35+00:00,100,vol-8fb93e3e,FALSE,i-6ac39ee6,FALSE,ami-c1acc1b2,TRUE
snap-3c5aaed0,Created by CreateImage(i-6ac39ee6) for ami-c1acc1b2 from vol-edb93e5c,2016-07-26 08:12:35+00:00,100,vol-edb93e5c,FALSE,i-6ac39ee6,FALSE,ami-c1acc1b2,TRUE
snap-8227456e,Created by CreateImage(i-6ac39ee6) for ami-c1acc1b2 from vol-fbb93e4a,2016-07-26 08:12:35+00:00,50,vol-fbb93e4a,FALSE,i-6ac39ee6,FALSE,ami-c1acc1b2,TRUE
snap-c0c4912d,Created by CreateImage(i-6ac39ee6) for ami-c1acc1b2 from vol-26b93e97,2016-07-26 08:12:36+00:00,100,vol-26b93e97,FALSE,i-6ac39ee6,FALSE,ami-c1acc1b2,TRUE
snap-3688b9da,Created by CreateImage(i-6ac39ee6) for ami-c1acc1b2 from vol-a83ebf19,2016-07-26 08:12:36+00:00,400,vol-a83ebf19,FALSE,i-6ac39ee6,FALSE,ami-c1acc1b2,TRUE
snap-2cf3eadd,Created by CreateImage(i-95b816d7) for ami-28076f5b from vol-c79315c5,2016-08-07 04:04:15+00:00,65,vol-c79315c5,FALSE,i-95b816d7,FALSE,ami-28076f5b,TRUE
snap-a0bba955,Created by CreateImage(i-72c77230) for ami-e78de594 from vol-ae34b4ac,2016-08-08 09:30:52+00:00,700,vol-ae34b4ac,FALSE,i-72c77230,FALSE,ami-e78de594,TRUE
snap-56e72ea6,Created by CreateImage(i-4d71510f) for ami-f9b5dd8a from vol-cb1136c9,2016-08-08 09:31:42+00:00,700,vol-cb1136c9,FALSE,i-4d71510f,FALSE,ami-f9b5dd8a,TRUE
snap-cf98d53f,Created by CreateImage(i-4d71510f) for ami-f9b5dd8a from vol-af1136ad,2016-08-08 09:31:42+00:00,40,vol-af1136ad,FALSE,i-4d71510f,FALSE,ami-f9b5dd8a,TRUE
snap-ac13f65c,Created by CreateImage(i-e1b78fa3) for ami-e58de596 from vol-42d3e740,2016-08-08 09:32:57+00:00,40,vol-42d3e740,FALSE,i-e1b78fa3,FALSE,ami-e58de596,TRUE
snap-db30e22f,Created by CreateImage(i-e1b78fa3) for ami-e58de596 from vol-e6d2e6e4,2016-08-08 09:32:58+00:00,500,vol-e6d2e6e4,FALSE,i-e1b78fa3,FALSE,ami-e58de596,TRUE
snap-ff4b7f0e,Created by CreateImage(i-33f49f71) for ami-4484ec37 from vol-57215155,2016-08-08 09:33:39+00:00,500,vol-57215155,FALSE,i-33f49f71,FALSE,ami-4484ec37,TRUE
snap-842aa577,Created by CreateImage(i-33f49f71) for ami-4484ec37 from vol-54215156,2016-08-08 09:33:39+00:00,40,vol-54215156,FALSE,i-33f49f71,FALSE,ami-4484ec37,TRUE
snap-44419db4,Created by CreateImage(i-70bec7fc) for ami-a7cabed4 from vol-524d9be3,2016-08-19 15:41:36+00:00,40,vol-524d9be3,FALSE,i-70bec7fc,FALSE,ami-a7cabed4,TRUE
snap-b07b8c43,Created by CreateImage(i-70bec7fc) for ami-a7cabed4 from vol-624d9bd3,2016-08-19 15:41:36+00:00,500,vol-624d9bd3,FALSE,i-70bec7fc,FALSE,ami-a7cabed4,TRUE
snap-e6a0ba16,Created by CreateImage(i-2cb1c8a0) for ami-24cfbb57 from vol-8d4a9c3c,2016-08-19 15:43:05+00:00,40,vol-8d4a9c3c,FALSE,i-2cb1c8a0,FALSE,ami-24cfbb57,TRUE
snap-f240cf06,Created by CreateImage(i-2cb1c8a0) for ami-24cfbb57 from vol-534d9be2,2016-08-19 15:43:06+00:00,700,vol-534d9be2,FALSE,i-2cb1c8a0,FALSE,ami-24cfbb57,TRUE
snap-b2af175e,Created by CreateImage(i-5f0600d7) for ami-70cfbb03 from vol-eb74dc2e,2016-08-19 15:46:08+00:00,100,vol-eb74dc2e,FALSE,i-5f0600d7,FALSE,ami-70cfbb03,TRUE
snap-71a21485,Created by CreateImage(i-5f0600d7) for ami-70cfbb03 from vol-d4872911,2016-08-19 15:46:08+00:00,100,vol-d4872911,FALSE,i-5f0600d7,FALSE,ami-70cfbb03,TRUE
snap-80b40f6d,Created by CreateImage(i-5f0600d7) for ami-70cfbb03 from vol-5574dc90,2016-08-19 15:46:09+00:00,100,vol-5574dc90,FALSE,i-5f0600d7,FALSE,ami-70cfbb03,TRUE
snap-b5116458,Created by CreateImage(i-5f0600d7) for ami-70cfbb03 from vol-2d74dce8,2016-08-19 15:46:09+00:00,100,vol-2d74dce8,FALSE,i-5f0600d7,FALSE,ami-70cfbb03,TRUE
snap-9fa66573,Created by CreateImage(i-5f0600d7) for ami-70cfbb03 from vol-6674dca3,2016-08-19 15:46:09+00:00,100,vol-6674dca3,FALSE,i-5f0600d7,FALSE,ami-70cfbb03,TRUE
snap-e866e419,Created by CreateImage(i-5f0600d7) for ami-70cfbb03 from vol-6474dca1,2016-08-19 15:46:09+00:00,100,vol-6474dca1,FALSE,i-5f0600d7,FALSE,ami-70cfbb03,TRUE
snap-11b698e0,Created by CreateImage(i-5f0600d7) for ami-70cfbb03 from vol-5674dc93,2016-08-19 15:46:09+00:00,100,vol-5674dc93,FALSE,i-5f0600d7,FALSE,ami-70cfbb03,TRUE
snap-ae2cb05d,Created by CreateImage(i-5f0600d7) for ami-70cfbb03 from vol-2974dcec,2016-08-19 15:46:09+00:00,100,vol-2974dcec,FALSE,i-5f0600d7,FALSE,ami-70cfbb03,TRUE
snap-9871f96c,Created by CreateImage(i-5f0600d7) for ami-70cfbb03 from vol-e175dd24,2016-08-19 15:46:09+00:00,25,vol-e175dd24,FALSE,i-5f0600d7,FALSE,ami-70cfbb03,TRUE
snap-0e6343fa,Created by CreateImage(i-5f0600d7) for ami-70cfbb03 from vol-e775dd22,2016-08-19 15:46:09+00:00,25,vol-e775dd22,FALSE,i-5f0600d7,FALSE,ami-70cfbb03,TRUE
snap-20cc63d0,Created by CreateImage(i-0475d18c) for ami-91cdb9e2 from vol-a4d25f66,2016-08-19 15:47:22+00:00,1024,vol-a4d25f66,FALSE,i-0475d18c,FALSE,ami-91cdb9e2,TRUE
snap-4706e1b3,Created by CreateImage(i-0475d18c) for ami-91cdb9e2 from vol-5cd25f9e,2016-08-19 15:47:22+00:00,1000,vol-5cd25f9e,FALSE,i-0475d18c,FALSE,ami-91cdb9e2,TRUE
snap-0f0ccefb,Created by CreateImage(i-0475d18c) for ami-91cdb9e2 from vol-ae4ec36c,2016-08-19 15:47:22+00:00,200,vol-ae4ec36c,FALSE,i-0475d18c,FALSE,ami-91cdb9e2,TRUE
snap-d5dcd139,Created by CreateImage(i-0475d18c) for ami-91cdb9e2 from vol-91621853,2016-08-19 15:47:23+00:00,10,vol-91621853,FALSE,i-0475d18c,FALSE,ami-91cdb9e2,TRUE
snap-33f8e1c6,Created by CreateImage(i-0475d18c) for ami-91cdb9e2 from vol-d4621816,2016-08-19 15:47:23+00:00,10,vol-d4621816,FALSE,i-0475d18c,FALSE,ami-91cdb9e2,TRUE
snap-cda17dd3,Created by CreateImage(i-c7ecfa4f) for ami-a0cebad3 from vol-e42faf21,2016-08-19 15:47:55+00:00,100,vol-e42faf21,FALSE,i-c7ecfa4f,FALSE,ami-a0cebad3,TRUE
snap-354045c0,Created by CreateImage(i-c7ecfa4f) for ami-a0cebad3 from vol-e52faf20,2016-08-19 15:47:55+00:00,100,vol-e52faf20,FALSE,i-c7ecfa4f,FALSE,ami-a0cebad3,TRUE
snap-79f4978d,Created by CreateImage(i-c7ecfa4f) for ami-a0cebad3 from vol-e72faf22,2016-08-19 15:47:55+00:00,25,vol-e72faf22,FALSE,i-c7ecfa4f,FALSE,ami-a0cebad3,TRUE
snap-edc395c0,Created by CreateImage(i-c7ecfa4f) for ami-a0cebad3 from vol-402faf85,2016-08-19 15:47:56+00:00,100,vol-402faf85,FALSE,i-c7ecfa4f,FALSE,ami-a0cebad3,TRUE
snap-d4161139,Created by CreateImage(i-c7ecfa4f) for ami-a0cebad3 from vol-b12faf74,2016-08-19 15:47:56+00:00,100,vol-b12faf74,FALSE,i-c7ecfa4f,FALSE,ami-a0cebad3,TRUE
snap-2a1700df,Created by CreateImage(i-c7ecfa4f) for ami-a0cebad3 from vol-822faf47,2016-08-19 15:47:56+00:00,100,vol-822faf47,FALSE,i-c7ecfa4f,FALSE,ami-a0cebad3,TRUE
snap-6448a490,Created by CreateImage(i-c7ecfa4f) for ami-a0cebad3 from vol-422faf87,2016-08-19 15:47:56+00:00,100,vol-422faf87,FALSE,i-c7ecfa4f,FALSE,ami-a0cebad3,TRUE
snap-a2934356,Created by CreateImage(i-c7ecfa4f) for ami-a0cebad3 from vol-4d2faf88,2016-08-19 15:47:56+00:00,25,vol-4d2faf88,FALSE,i-c7ecfa4f,FALSE,ami-a0cebad3,TRUE
snap-52cd65a6,Created by CreateImage(i-c7ecfa4f) for ami-a0cebad3 from vol-572faf92,2016-08-19 15:47:56+00:00,100,vol-572faf92,FALSE,i-c7ecfa4f,FALSE,ami-a0cebad3,TRUE
snap-ee96f91a,Created by CreateImage(i-c7ecfa4f) for ami-a0cebad3 from vol-282fafed,2016-08-19 15:47:56+00:00,100,vol-282fafed,FALSE,i-c7ecfa4f,FALSE,ami-a0cebad3,TRUE
snap-986a2273,Created by CreateImage(i-886c8322) for ami-e9cabe9a from vol-186c16da,2016-08-19 15:48:22+00:00,50,vol-186c16da,FALSE,i-886c8322,FALSE,ami-e9cabe9a,TRUE
snap-42efaeb3,Created by CreateImage(i-886c8322) for ami-e9cabe9a from vol-fc6d173e,2016-08-19 15:48:22+00:00,10,vol-fc6d173e,FALSE,i-886c8322,FALSE,ami-e9cabe9a,TRUE
snap-e6d97815,Created by CreateImage(i-886c8322) for ami-e9cabe9a from vol-909fe587,2016-08-19 15:48:22+00:00,1024,vol-909fe587,FALSE,i-886c8322,FALSE,ami-e9cabe9a,TRUE
snap-97230763,Created by CreateImage(i-886c8322) for ami-e9cabe9a from vol-c86d170a,2016-08-19 15:48:22+00:00,10,vol-c86d170a,FALSE,i-886c8322,FALSE,ami-e9cabe9a,TRUE
snap-4c6f1ba0,Created by CreateImage(i-370926d1) for ami-23c8bc50 from vol-e88646f7,2016-08-19 15:50:12+00:00,50,vol-e88646f7,FALSE,i-370926d1,FALSE,ami-23c8bc50,TRUE
snap-e11edf11,Created by CreateImage(i-370926d1) for ami-23c8bc50 from vol-ac8646b3,2016-08-19 15:50:12+00:00,1024,vol-ac8646b3,FALSE,i-370926d1,FALSE,ami-23c8bc50,TRUE
snap-515a75a5,Created by CreateImage(i-370926d1) for ami-23c8bc50 from vol-16874709,2016-08-19 15:50:12+00:00,1000,vol-16874709,FALSE,i-370926d1,FALSE,ami-23c8bc50,TRUE
snap-01a7ca55,Created by CreateImage(i-aa08274c) for ami-20c8bc53 from vol-d88646c7,2016-08-19 15:50:41+00:00,1000,vol-d88646c7,FALSE,i-aa08274c,FALSE,ami-20c8bc53,TRUE
snap-005136f3,Created by CreateImage(i-aa08274c) for ami-20c8bc53 from vol-d98646c6,2016-08-19 15:50:41+00:00,1024,vol-d98646c6,FALSE,i-aa08274c,FALSE,ami-20c8bc53,TRUE
snap-16544be3,Created by CreateImage(i-a7b0c92b) for ami-8fa7d6fc from vol-90499f21,2016-08-26 10:31:30+00:00,65,vol-90499f21,FALSE,i-a7b0c92b,FALSE,ami-8fa7d6fc,TRUE
snap-2112fbd5,Created by CreateImage(i-c1594149) for ami-86addcf5 from vol-cf9cfa4c,2016-08-26 10:47:17+00:00,120,vol-cf9cfa4c,FALSE,i-c1594149,FALSE,ami-86addcf5,TRUE
snap-be48874a,Created by CreateImage(i-c1594149) for ami-86addcf5 from vol-e49cfa67,2016-08-26 10:47:17+00:00,65,vol-e49cfa67,FALSE,i-c1594149,FALSE,ami-86addcf5,TRUE
snap-498065ba,Created by CreateImage(i-7db2cbf1) for ami-17a8d964 from vol-b476a005,2016-08-26 10:57:50+00:00,65,vol-b476a005,FALSE,i-7db2cbf1,FALSE,ami-17a8d964,TRUE
snap-1c947be8,Created by CreateImage(i-7db2cbf1) for ami-17a8d964 from vol-9b76a02a,2016-08-26 10:57:50+00:00,120,vol-9b76a02a,FALSE,i-7db2cbf1,FALSE,ami-17a8d964,TRUE
snap-475874ac,Created by CreateImage(i-7e5a42f6) for ami-15a8d966 from vol-3f9cfabc,2016-08-26 10:58:56+00:00,120,vol-3f9cfabc,FALSE,i-7e5a42f6,FALSE,ami-15a8d966,TRUE
snap-d4884439,Created by CreateImage(i-7e5a42f6) for ami-15a8d966 from vol-c19dfb42,2016-08-26 10:58:56+00:00,65,vol-c19dfb42,FALSE,i-7e5a42f6,FALSE,ami-15a8d966,TRUE
snap-7cc5f18d,Created by CreateImage(i-6fb2cbe3) for ami-b9a9d8ca from vol-6376a0d2,2016-08-26 11:00:06+00:00,65,vol-6376a0d2,FALSE,i-6fb2cbe3,FALSE,ami-b9a9d8ca,TRUE
snap-0925dcf9,Created by CreateImage(i-6fb2cbe3) for ami-b9a9d8ca from vol-4176a0f0,2016-08-26 11:00:06+00:00,120,vol-4176a0f0,FALSE,i-6fb2cbe3,FALSE,ami-b9a9d8ca,TRUE
snap-21dd15d5,Created by CreateImage(i-705941f8) for ami-67acdd14 from vol-229dfba1,2016-08-26 11:00:58+00:00,65,vol-229dfba1,FALSE,i-705941f8,FALSE,ami-67acdd14,TRUE
snap-b4834940,Created by CreateImage(i-ae393622) for ami-a3e596d0 from vol-064710b7,2016-09-01 05:46:54+00:00,120,vol-064710b7,FALSE,i-ae393622,FALSE,ami-a3e596d0,TRUE
snap-e46ffd15,Created by CreateImage(i-5cf66dd0) for ami-75ec9f06 from vol-e94b5757,2016-09-01 08:50:23+00:00,50,vol-e94b5757,FALSE,i-5cf66dd0,FALSE,ami-75ec9f06,TRUE
snap-a6928d57,Created by CreateImage(i-5cf66dd0) for ami-75ec9f06 from vol-c24b577c,2016-09-01 08:50:23+00:00,500,vol-c24b577c,FALSE,i-5cf66dd0,FALSE,ami-75ec9f06,TRUE
snap-671d7094,Created by CreateImage(i-5cf66dd0) for ami-75ec9f06 from vol-d14b576f,2016-09-01 08:50:23+00:00,40,vol-d14b576f,FALSE,i-5cf66dd0,FALSE,ami-75ec9f06,TRUE
snap-7030175d,Created by CreateImage(i-84f66d08) for ami-94d3a0e7 from vol-2a4b5794,2016-09-01 08:50:51+00:00,50,vol-2a4b5794,FALSE,i-84f66d08,FALSE,ami-94d3a0e7,TRUE
snap-f176bc1c,Created by CreateImage(i-84f66d08) for ami-94d3a0e7 from vol-0b4b57b5,2016-09-01 08:50:51+00:00,350,vol-0b4b57b5,FALSE,i-84f66d08,FALSE,ami-94d3a0e7,TRUE
snap-65beb390,Created by CreateImage(i-84f66d08) for ami-94d3a0e7 from vol-2b4b5795,2016-09-01 08:50:51+00:00,500,vol-2b4b5795,FALSE,i-84f66d08,FALSE,ami-94d3a0e7,TRUE
snap-4118ec52,Created by CreateImage(i-84f66d08) for ami-94d3a0e7 from vol-084b57b6,2016-09-01 08:50:52+00:00,353,vol-084b57b6,FALSE,i-84f66d08,FALSE,ami-94d3a0e7,TRUE
snap-db734730,Created by CreateImage(i-38b03d80) for ami-23d2a150 from vol-14f2a7db,2016-09-01 09:07:58+00:00,65,vol-14f2a7db,FALSE,i-38b03d80,FALSE,ami-23d2a150,TRUE
snap-189f8ae8,Created by CreateImage(i-38b03d80) for ami-23d2a150 from vol-311d55ff,2016-09-01 09:07:58+00:00,150,vol-311d55ff,FALSE,i-38b03d80,FALSE,ami-23d2a150,TRUE
snap-baef7449,Created by CreateImage(i-38b03d80) for ami-23d2a150 from vol-28f2a7e7,2016-09-01 09:07:58+00:00,40,vol-28f2a7e7,FALSE,i-38b03d80,FALSE,ami-23d2a150,TRUE
snap-c42f6e30,Created by CreateImage(i-38b03d80) for ami-23d2a150 from vol-231e56ed,2016-09-01 09:07:58+00:00,20,vol-231e56ed,FALSE,i-38b03d80,FALSE,ami-23d2a150,TRUE
snap-8dd6fe79,Created by CreateImage(i-38b03d80) for ami-23d2a150 from vol-f6fda839,2016-09-01 09:07:58+00:00,1024,vol-f6fda839,FALSE,i-38b03d80,FALSE,ami-23d2a150,TRUE
snap-9be3d16f,Created by CreateImage(i-38b03d80) for ami-23d2a150 from vol-df1f5711,2016-09-01 09:07:58+00:00,20,vol-df1f5711,FALSE,i-38b03d80,FALSE,ami-23d2a150,TRUE
snap-16f78bfd,Created by CreateImage(i-41b03df9) for ami-e6c3b095 from vol-86790838,2016-09-01 09:08:47+00:00,20,vol-86790838,FALSE,i-41b03df9,FALSE,ami-e6c3b095,TRUE
snap-9d07766c,Created by CreateImage(i-41b03df9) for ami-e6c3b095 from vol-88760736,2016-09-01 09:08:47+00:00,50,vol-88760736,FALSE,i-41b03df9,FALSE,ami-e6c3b095,TRUE
snap-30e69ec1,Created by CreateImage(i-41b03df9) for ami-e6c3b095 from vol-d5fda81a,2016-09-01 09:08:47+00:00,65,vol-d5fda81a,FALSE,i-41b03df9,FALSE,ami-e6c3b095,TRUE
snap-ffccb60e,Created by CreateImage(i-41b03df9) for ami-e6c3b095 from vol-0ef2a7c1,2016-09-01 09:08:47+00:00,1024,vol-0ef2a7c1,FALSE,i-41b03df9,FALSE,ami-e6c3b095,TRUE
snap-54bb69a4,Created by CreateImage(i-41b03df9) for ami-e6c3b095 from vol-4b7607f5,2016-09-01 09:08:47+00:00,20,vol-4b7607f5,FALSE,i-41b03df9,FALSE,ami-e6c3b095,TRUE
snap-1219e4e6,Created by CreateImage(i-41b03df9) for ami-e6c3b095 from vol-f5fda83a,2016-09-01 09:08:47+00:00,40,vol-f5fda83a,FALSE,i-41b03df9,FALSE,ami-e6c3b095,TRUE
snap-c93d6322,Created by CreateImage(i-38b03d80) for ami-e0265993 from vol-f6fda839,2016-09-09 08:14:45+00:00,1024,vol-f6fda839,FALSE,i-38b03d80,FALSE,ami-e0265993,TRUE
snap-f676da06,Created by CreateImage(i-38b03d80) for ami-e0265993 from vol-28f2a7e7,2016-09-09 08:14:45+00:00,40,vol-28f2a7e7,FALSE,i-38b03d80,FALSE,ami-e0265993,TRUE
snap-781e688c,Created by CreateImage(i-38b03d80) for ami-e0265993 from vol-14f2a7db,2016-09-09 08:14:45+00:00,65,vol-14f2a7db,FALSE,i-38b03d80,FALSE,ami-e0265993,TRUE
snap-d83928df,Created by CreateImage(i-38b03d80) for ami-e0265993 from vol-df1f5711,2016-09-09 08:14:46+00:00,20,vol-df1f5711,FALSE,i-38b03d80,FALSE,ami-e0265993,TRUE
snap-e257e216,Created by CreateImage(i-38b03d80) for ami-e0265993 from vol-231e56ed,2016-09-09 08:14:46+00:00,20,vol-231e56ed,FALSE,i-38b03d80,FALSE,ami-e0265993,TRUE
snap-d6ede526,Created by CreateImage(i-41b03df9) for ami-7b295608 from vol-f5fda83a,2016-09-09 08:17:17+00:00,40,vol-f5fda83a,FALSE,i-41b03df9,FALSE,ami-7b295608,TRUE
snap-b950f695,Created by CreateImage(i-41b03df9) for ami-7b295608 from vol-0ef2a7c1,2016-09-09 08:17:18+00:00,1024,vol-0ef2a7c1,FALSE,i-41b03df9,FALSE,ami-7b295608,TRUE
snap-3b8edbca,Created by CreateImage(i-41b03df9) for ami-7b295608 from vol-4b7607f5,2016-09-09 08:17:18+00:00,20,vol-4b7607f5,FALSE,i-41b03df9,FALSE,ami-7b295608,TRUE
snap-85afbf75,Created by CreateImage(i-41b03df9) for ami-7b295608 from vol-88760736,2016-09-09 08:17:18+00:00,50,vol-88760736,FALSE,i-41b03df9,FALSE,ami-7b295608,TRUE
snap-862d0b73,Created by CreateImage(i-41b03df9) for ami-7b295608 from vol-86790838,2016-09-09 08:17:18+00:00,20,vol-86790838,FALSE,i-41b03df9,FALSE,ami-7b295608,TRUE
snap-51d38ea5,Created by CreateImage(i-41b03df9) for ami-7b295608 from vol-d5fda81a,2016-09-09 08:17:18+00:00,65,vol-d5fda81a,FALSE,i-41b03df9,FALSE,ami-7b295608,TRUE
snap-5a1604aa,Created by CreateImage(i-54623016) for ami-e7f78894 from vol-1586d417,2016-09-11 04:02:40+00:00,65,vol-1586d417,FALSE,i-54623016,FALSE,ami-e7f78894,TRUE
snap-7f051e8f,Created by CreateImage(i-dcd4533a) for ami-f7f78884 from vol-a4a498b8,2016-09-11 04:05:44+00:00,65,vol-a4a498b8,FALSE,i-dcd4533a,FALSE,ami-f7f78884,TRUE
snap-c7d68bd7,Created by CreateImage(i-9c9734de) for ami-61fe8012 from vol-b472f7b6,2016-09-13 13:46:31+00:00,40,vol-b472f7b6,FALSE,i-9c9734de,FALSE,ami-61fe8012,TRUE
snap-83da3e69,Created by CreateImage(i-9c9734de) for ami-61fe8012 from vol-ac48da12,2016-09-13 13:46:31+00:00,50,vol-ac48da12,FALSE,i-9c9734de,FALSE,ami-61fe8012,TRUE
snap-8006136d,Created by CreateImage(i-9c9734de) for ami-61fe8012 from vol-774e9ec6,2016-09-13 13:46:31+00:00,200,vol-774e9ec6,FALSE,i-9c9734de,FALSE,ami-61fe8012,TRUE
snap-4540dbb4,Created by CreateImage(i-9c9734de) for ami-61fe8012 from vol-990c4627,2016-09-13 13:46:31+00:00,50,vol-990c4627,FALSE,i-9c9734de,FALSE,ami-61fe8012,TRUE
snap-036e17f2,Created by CreateImage(i-9c9734de) for ami-61fe8012 from vol-689d3da7,2016-09-13 13:46:31+00:00,4000,vol-689d3da7,FALSE,i-9c9734de,FALSE,ami-61fe8012,TRUE
snap-b8fb4897,Created by CreateImage(i-b75c99f7) for ami-bc83fdcf from vol-b52b0977,2016-09-13 13:47:15+00:00,1200,vol-b52b0977,FALSE,i-b75c99f7,FALSE,ami-bc83fdcf,TRUE
snap-15e24136,Created by CreateImage(i-b75c99f7) for ami-bc83fdcf from vol-fc280a3e,2016-09-13 13:47:15+00:00,50,vol-fc280a3e,FALSE,i-b75c99f7,FALSE,ami-bc83fdcf,TRUE
snap-494123b8,Created by CreateImage(i-b75c99f7) for ami-bc83fdcf from vol-c0150b02,2016-09-13 13:47:15+00:00,1500,vol-c0150b02,FALSE,i-b75c99f7,FALSE,ami-bc83fdcf,TRUE
snap-7e600d8f,Created by CreateImage(i-b75c99f7) for ami-bc83fdcf from vol-31cf7336,2016-09-13 13:47:15+00:00,40,vol-31cf7336,FALSE,i-b75c99f7,FALSE,ami-bc83fdcf,TRUE
snap-5c8cbaad,Created by CreateImage(i-b75c99f7) for ami-bc83fdcf from vol-d2140a10,2016-09-13 13:47:15+00:00,1500,vol-d2140a10,FALSE,i-b75c99f7,FALSE,ami-bc83fdcf,TRUE
snap-f9647408,Created by CreateImage(i-b75c99f7) for ami-bc83fdcf from vol-4f36288d,2016-09-13 13:47:15+00:00,1500,vol-4f36288d,FALSE,i-b75c99f7,FALSE,ami-bc83fdcf,TRUE
snap-24c084d4,Created by CreateImage(i-b75c99f7) for ami-bc83fdcf from vol-3e2b09fc,2016-09-13 13:47:15+00:00,50,vol-3e2b09fc,FALSE,i-b75c99f7,FALSE,ami-bc83fdcf,TRUE
snap-462310b6,Created by CreateImage(i-b75c99f7) for ami-bc83fdcf from vol-2c2af3ef,2016-09-13 13:47:15+00:00,4000,vol-2c2af3ef,FALSE,i-b75c99f7,FALSE,ami-bc83fdcf,TRUE
snap-ed69e71e,Created by CreateImage(i-b75c99f7) for ami-bc83fdcf from vol-f5c32930,2016-09-13 13:47:15+00:00,50,vol-f5c32930,FALSE,i-b75c99f7,FALSE,ami-bc83fdcf,TRUE
snap-2b619508,Created by CreateImage(i-b75c99f7) for ami-bc83fdcf from vol-b5cdf136,2016-09-13 13:47:16+00:00,200,vol-b5cdf136,FALSE,i-b75c99f7,FALSE,ami-bc83fdcf,TRUE
snap-125588e2,Created by CreateImage(i-b75c99f7) for ami-bc83fdcf from vol-55ccf0d6,2016-09-13 13:47:16+00:00,200,vol-55ccf0d6,FALSE,i-b75c99f7,FALSE,ami-bc83fdcf,TRUE
snap-dbe559fa,Created by CreateImage(i-0a85cd48) for ami-c383fdb0 from vol-d5216bd7,2016-09-13 13:48:13+00:00,50,vol-d5216bd7,FALSE,i-0a85cd48,FALSE,ami-c383fdb0,TRUE
snap-5412b974,Created by CreateImage(i-0a85cd48) for ami-c383fdb0 from vol-15266c17,2016-09-13 13:48:13+00:00,1024,vol-15266c17,FALSE,i-0a85cd48,FALSE,ami-c383fdb0,TRUE
snap-214744d1,Created by CreateImage(i-0a85cd48) for ami-c383fdb0 from vol-59145de7,2016-09-13 13:48:14+00:00,50,vol-59145de7,FALSE,i-0a85cd48,FALSE,ami-c383fdb0,TRUE
snap-20788aca,Created by CreateImage(i-888246c8) for ami-3782fc44 from vol-71e7f8b3,2016-09-13 13:49:02+00:00,50,vol-71e7f8b3,FALSE,i-888246c8,FALSE,ami-3782fc44,TRUE
snap-9bcaaa77,Created by CreateImage(i-888246c8) for ami-3782fc44 from vol-b9e7f87b,2016-09-13 13:49:02+00:00,200,vol-b9e7f87b,FALSE,i-888246c8,FALSE,ami-3782fc44,TRUE
snap-18fbcde8,Created by CreateImage(i-888246c8) for ami-3782fc44 from vol-6fb70b68,2016-09-13 13:49:02+00:00,1024,vol-6fb70b68,FALSE,i-888246c8,FALSE,ami-3782fc44,TRUE
snap-2ea9aede,Created by CreateImage(i-888246c8) for ami-3782fc44 from vol-0ce7f8ce,2016-09-13 13:49:02+00:00,50,vol-0ce7f8ce,FALSE,i-888246c8,FALSE,ami-3782fc44,TRUE
snap-ce348c3a,Created by CreateImage(i-888246c8) for ami-3782fc44 from vol-a1b70ba6,2016-09-13 13:49:02+00:00,40,vol-a1b70ba6,FALSE,i-888246c8,FALSE,ami-3782fc44,TRUE
snap-2b689419,Created by CreateImage(i-8e075dcc) for ami-b093ebc3 from vol-d0c098d2,2016-09-18 04:03:59+00:00,65,vol-d0c098d2,FALSE,i-8e075dcc,FALSE,ami-b093ebc3,TRUE
snap-a04c94f6,Created by CreateImage(i-e816cf63) for ami-70d79203 from vol-80342303,2016-09-24 19:24:24+00:00,100,vol-80342303,FALSE,i-e816cf63,FALSE,ami-70d79203,TRUE
snap-37040227,Created by CreateImage(i-e816cf63) for ami-70d79203 from vol-60485ee3,2016-09-24 19:24:24+00:00,1500,vol-60485ee3,FALSE,i-e816cf63,FALSE,ami-70d79203,TRUE
snap-a154c452,Created by CreateImage(i-e816cf63) for ami-70d79203 from vol-d3726450,2016-09-24 19:24:24+00:00,500,vol-d3726450,FALSE,i-e816cf63,FALSE,ami-70d79203,TRUE
snap-1b9aa3ee,Created by CreateImage(i-e816cf63) for ami-70d79203 from vol-6c485eef,2016-09-24 19:24:24+00:00,1500,vol-6c485eef,FALSE,i-e816cf63,FALSE,ami-70d79203,TRUE
snap-025ac0f6,Created by CreateImage(i-e816cf63) for ami-70d79203 from vol-7b485ef8,2016-09-24 19:24:24+00:00,1500,vol-7b485ef8,FALSE,i-e816cf63,FALSE,ami-70d79203,TRUE
snap-ca2b84ac,Created by CreateImage(i-e816cf63) for ami-70d79203 from vol-387563bb,2016-09-24 19:24:24+00:00,200,vol-387563bb,TRUE,i-e816cf63,FALSE,ami-70d79203,TRUE
snap-d7f67db1,Created by CreateImage(i-e816cf63) for ami-70d79203 from vol-e6756365,2016-09-24 19:24:24+00:00,200,vol-e6756365,TRUE,i-e816cf63,FALSE,ami-70d79203,TRUE
snap-4fe40436,Created by CreateImage(i-e816cf63) for ami-70d79203 from vol-b5726436,2016-09-24 19:24:24+00:00,500,vol-b5726436,TRUE,i-e816cf63,FALSE,ami-70d79203,TRUE
snap-54151567,Created by CreateImage(i-e816cf63) for ami-70d79203 from vol-c4726447,2016-09-24 19:24:24+00:00,500,vol-c4726447,TRUE,i-e816cf63,FALSE,ami-70d79203,TRUE
snap-598628ad,Created by CreateImage(i-e816cf63) for ami-70d79203 from vol-f1756372,2016-09-24 19:24:24+00:00,200,vol-f1756372,TRUE,i-e816cf63,FALSE,ami-70d79203,TRUE
snap-b49160cd,Created by CreateImage(i-e816cf63) for ami-70d79203 from vol-1b726498,2016-09-24 19:24:25+00:00,500,vol-1b726498,FALSE,i-e816cf63,FALSE,ami-70d79203,TRUE
snap-b833ccc1,Created by CreateImage(i-e816cf63) for ami-70d79203 from vol-1369ad91,2016-09-24 19:24:25+00:00,200,vol-1369ad91,FALSE,i-e816cf63,FALSE,ami-70d79203,TRUE
snap-507776bc,Created by CreateImage(i-e816cf63) for ami-70d79203 from vol-93736510,2016-09-24 19:24:25+00:00,500,vol-93736510,FALSE,i-e816cf63,FALSE,ami-70d79203,TRUE
snap-0c7bebfd,Created by CreateImage(i-e816cf63) for ami-70d79203 from vol-757264f6,2016-09-24 19:24:25+00:00,500,vol-757264f6,FALSE,i-e816cf63,FALSE,ami-70d79203,TRUE
snap-ba34f94e,Created by CreateImage(i-e816cf63) for ami-70d79203 from vol-85736506,2016-09-24 19:24:25+00:00,500,vol-85736506,FALSE,i-e816cf63,FALSE,ami-70d79203,TRUE
snap-e7bb6081,Created by CreateImage(i-d837bd53) for ami-1a762369 from vol-56f74cd4,2016-11-02 16:34:45+00:00,65,vol-56f74cd4,FALSE,i-d837bd53,FALSE,ami-1a762369,TRUE
snap-3e09190d,Created by CreateImage(i-d837bd53) for ami-1a762369 from vol-8df64d0f,2016-11-02 16:34:45+00:00,120,vol-8df64d0f,FALSE,i-d837bd53,FALSE,ami-1a762369,TRUE
snap-caa393ac,Created by CreateImage(i-d837bd53) for ami-b5da8fc6 from vol-8df64d0f,2016-11-03 15:32:46+00:00,120,vol-8df64d0f,FALSE,i-d837bd53,FALSE,ami-b5da8fc6,TRUE
snap-15faf0e5,Created by CreateImage(i-d837bd53) for ami-b5da8fc6 from vol-56f74cd4,2016-11-03 15:32:46+00:00,65,vol-56f74cd4,FALSE,i-d837bd53,FALSE,ami-b5da8fc6,TRUE
snap-d9f60ea0,Created by CreateImage(i-2af66da6) for ami-a6d082d5 from vol-b8455906,2016-11-20 05:01:54+00:00,65,vol-b8455906,FALSE,i-2af66da6,FALSE,ami-a6d082d5,TRUE
snap-6dc5115f,Created by CreateImage(i-3a4872b2) for ami-a0d082d3 from vol-9b4aeb5e,2016-11-20 05:02:14+00:00,65,vol-9b4aeb5e,FALSE,i-3a4872b2,FALSE,ami-a0d082d3,TRUE
snap-ce1f1fa8,Created by CreateImage(i-63f56eef) for ami-edd7859e from vol-1f4559a1,2016-11-20 05:03:37+00:00,65,vol-1f4559a1,FALSE,i-63f56eef,FALSE,ami-edd7859e,TRUE
snap-a112b2c7,Created by CreateImage(i-bea38b32) for ami-3fd3814c from vol-1581e3a4,2016-11-20 05:06:01+00:00,200,vol-1581e3a4,FALSE,i-bea38b32,FALSE,ami-3fd3814c,TRUE
snap-56a6b065,Created by CreateImage(i-bea38b32) for ami-3fd3814c from vol-b186e400,2016-11-20 05:06:01+00:00,100,vol-b186e400,FALSE,i-bea38b32,FALSE,ami-3fd3814c,TRUE
snap-cb07d1f9,Created by CreateImage(i-bea38b32) for ami-3fd3814c from vol-be86e40f,2016-11-20 05:06:01+00:00,100,vol-be86e40f,FALSE,i-bea38b32,FALSE,ami-3fd3814c,TRUE
snap-e3208c17,Created by CreateImage(i-bea38b32) for ami-3fd3814c from vol-f786e446,2016-11-20 05:06:01+00:00,100,vol-f786e446,FALSE,i-bea38b32,FALSE,ami-3fd3814c,TRUE
snap-be6ff54a,Created by CreateImage(i-bea38b32) for ami-3fd3814c from vol-8086e431,2016-11-20 05:06:01+00:00,100,vol-8086e431,FALSE,i-bea38b32,FALSE,ami-3fd3814c,TRUE
snap-ac926aaa,Created by CreateImage(i-bea38b32) for ami-3fd3814c from vol-bf86e40e,2016-11-20 05:06:02+00:00,100,vol-bf86e40e,FALSE,i-bea38b32,FALSE,ami-3fd3814c,TRUE
snap-2992f0da,Created by CreateImage(i-bea38b32) for ami-3fd3814c from vol-8bccae3a,2016-11-20 05:06:02+00:00,500,vol-8bccae3a,FALSE,i-bea38b32,FALSE,ami-3fd3814c,TRUE
snap-8797d8e1,Created by CreateImage(i-def76c52) for ami-39d3814a from vol-8145593f,2016-11-20 05:06:59+00:00,65,vol-8145593f,FALSE,i-def76c52,FALSE,ami-39d3814a,TRUE
snap-de54d2ec,Created by CreateImage(i-5b806bbe) for ami-ea072099 from vol-66d908d6,2016-12-13 16:52:12+00:00,120,vol-66d908d6,FALSE,i-5b806bbe,FALSE,ami-ea072099,TRUE
snap-0cb623ff,Created by CreateImage(i-5b806bbe) for ami-ea072099 from vol-19d908a9,2016-12-13 16:52:13+00:00,65,vol-19d908a9,FALSE,i-5b806bbe,FALSE,ami-ea072099,TRUE
snap-19798b7f,Created by CreateImage(i-51ffc513) for ami-8cfff2ea from vol-e0ecdbe2,2017-05-04 11:10:07+00:00,65,vol-e0ecdbe2,FALSE,i-51ffc513,FALSE,ami-8cfff2ea,TRUE
snap-82a26de4,Created by CreateImage(i-51ffc513) for ami-8cfff2ea from vol-b3ecdbb1,2017-05-04 11:10:07+00:00,120,vol-b3ecdbb1,FALSE,i-51ffc513,FALSE,ami-8cfff2ea,TRUE